2025-10-25 22:20:12,332 - database - ERROR - Database error: unable to open database file
2025-10-25 22:20:12,332 - root - ERROR - Fatal error: unable to open database file
2025-10-25 22:38:42,327 - database - ERROR - Database error: unable to open database file
2025-10-25 22:38:42,327 - root - ERROR - Fatal error: unable to open database file
2025-10-25 22:39:16,215 - database - ERROR - Database error: unable to open database file
2025-10-25 22:39:16,215 - root - ERROR - Fatal error: unable to open database file
2025-10-25 22:40:23,262 - database - ERROR - Database error: unable to open database file
2025-10-25 22:40:23,263 - root - ERROR - Fatal error: unable to open database file
2025-10-25 22:43:32,994 - database - ERROR - Database error: unable to open database file
2025-10-25 22:43:32,995 - root - ERROR - Fatal error: unable to open database file
2025-10-25 22:51:59,288 - database - ERROR - Database error: unable to open database file
2025-10-25 22:51:59,289 - root - ERROR - Fatal error: unable to open database file
2025-10-25 22:52:46,642 - database - ERROR - Database error: unable to open database file
2025-10-25 22:52:46,643 - root - ERROR - Fatal error: unable to open database file
2025-10-25 22:53:43,038 - database - ERROR - Database error: unable to open database file
2025-10-25 22:53:43,038 - root - ERROR - Fatal error: unable to open database file
2025-10-25 22:53:54,608 - database - ERROR - Database error: unable to open database file
2025-10-25 22:53:54,609 - root - ERROR - Fatal error: unable to open database file
2025-10-25 22:54:08,223 - database - ERROR - Database error: unable to open database file
2025-10-25 22:54:08,223 - root - ERROR - Fatal error: unable to open database file
2025-10-25 22:55:12,018 - database - ERROR - Database error: unable to open database file
2025-10-25 22:55:12,018 - root - ERROR - Fatal error: unable to open database file
2025-10-25 23:03:41,580 - database - ERROR - Database error: unable to open database file
2025-10-25 23:03:41,581 - root - ERROR - Fatal error: unable to open database file
2025-10-25 23:08:17,625 - database - ERROR - Database error: unable to open database file
2025-10-25 23:08:17,625 - root - ERROR - Fatal error: unable to open database file
2025-10-25 23:11:09,747 - database - ERROR - Database error: unable to open database file
2025-10-25 23:11:09,747 - root - ERROR - Fatal error: unable to open database file
2025-10-25 23:11:30,728 - database - ERROR - Database error: unable to open database file
2025-10-25 23:11:30,729 - root - ERROR - Fatal error: unable to open database file
2025-10-27 00:33:45,136 - database - ERROR - Database error: unable to open database file
2025-10-27 00:33:45,136 - root - ERROR - Fatal error: unable to open database file
2025-10-27 00:35:50,117 - database - ERROR - Database error: unable to open database file
2025-10-27 00:35:50,117 - root - ERROR - Fatal error: unable to open database file
2025-10-27 00:37:19,842 - database - INFO - Database initialized successfully
2025-10-27 00:37:19,843 - bot - INFO - Bot initialized successfully
2025-10-27 00:37:23,971 - database - ERROR - Database error: unable to open database file
2025-10-27 00:37:23,971 - root - ERROR - Fatal error: unable to open database file
2025-10-27 00:39:03,614 - database - INFO - Database initialized successfully
2025-10-27 00:39:03,615 - bot - INFO - Bot initialized successfully
2025-10-27 00:40:09,959 - database - INFO - Database initialized successfully
2025-10-27 00:40:09,960 - bot - INFO - Bot initialized successfully
2025-10-27 00:41:37,591 - database - INFO - Database initialized successfully
2025-10-27 00:41:37,592 - bot - INFO - Bot initialized successfully
2025-10-27 00:41:52,469 - database - INFO - Database initialized successfully
2025-10-27 00:41:52,469 - bot - INFO - Bot initialized successfully
2025-10-27 00:41:52,470 - bot - INFO - Starting bot...
2025-10-27 00:42:11,492 - database - INFO - Database initialized successfully
2025-10-27 00:42:11,493 - bot - INFO - Bot initialized successfully
2025-10-27 00:44:10,936 - database - INFO - Database initialized successfully
2025-10-27 00:44:10,936 - bot - INFO - Bot initialized successfully
2025-10-27 00:46:15,275 - database - ERROR - Database error: unable to open database file
2025-10-27 00:46:15,275 - root - ERROR - Fatal error: unable to open database file
2025-10-27 00:47:09,720 - database - ERROR - Database error: unable to open database file
2025-10-27 00:47:09,720 - root - ERROR - Fatal error: unable to open database file
2025-10-27 00:48:18,978 - database - ERROR - Database error: unable to open database file
2025-10-27 00:48:18,979 - root - ERROR - Fatal error: unable to open database file
2025-10-27 00:49:18,183 - database - ERROR - Database error: unable to open database file
2025-10-27 00:49:18,183 - root - ERROR - Fatal error: unable to open database file
2025-10-27 00:50:13,883 - database - ERROR - Database error: unable to open database file
2025-10-27 00:50:13,883 - root - ERROR - Fatal error: unable to open database file
2025-10-27 00:51:45,475 - database - ERROR - Database error: unable to open database file
2025-10-27 00:51:45,475 - root - ERROR - Fatal error: unable to open database file
2025-10-27 00:53:50,699 - database - ERROR - Database error: unable to open database file
2025-10-27 00:53:50,699 - root - ERROR - Fatal error: unable to open database file
2025-10-27 00:55:15,518 - database - INFO - Database initialized successfully
2025-10-27 00:55:15,519 - bot - INFO - Bot initialized successfully
2025-10-27 00:55:15,519 - bot - INFO - Starting bot...
2025-10-27 00:59:41,462 - database - INFO - Database initialized successfully
2025-10-27 00:59:41,463 - bot - INFO - Bot initialized successfully
2025-10-27 00:59:41,464 - bot - INFO - Starting bot...
2025-10-27 01:14:08,014 - database - INFO - Database initialized successfully
2025-10-27 01:14:08,015 - bot - INFO - Bot initialized successfully
2025-10-27 01:14:08,015 - bot - INFO - Starting bot...
2025-10-27 01:23:02,031 - database - INFO - Database initialized successfully
2025-10-27 01:23:02,032 - bot - INFO - Bot initialized successfully
2025-10-27 01:23:02,032 - bot - INFO - Starting bot...
2025-10-27 01:27:42,157 - database - INFO - Database initialized successfully
2025-10-27 01:27:42,158 - bot - INFO - Bot initialized successfully
2025-10-27 01:27:42,158 - bot - INFO - Starting bot...
2025-10-27 01:27:44,427 - TeleBot - ERROR - Threaded polling exception: A request to the Telegram API was unsuccessful. Error code: 409. Description: Conflict: terminated by other getUpdates request; make sure that only one bot instance is running
2025-10-27 01:27:44,428 - TeleBot - ERROR - Exception traceback:
Traceback (most recent call last):
  File "C:\Users\Asus\AppData\Local\Programs\Python\Python313\Lib\site-packages\telebot\__init__.py", line 1234, in __threaded_polling
    polling_thread.raise_exceptions()
    ~~~~~~~~~~~~~~~~~~~~~~~~~~~~~~~^^
  File "C:\Users\Asus\AppData\Local\Programs\Python\Python313\Lib\site-packages\telebot\util.py", line 115, in raise_exceptions
    raise self.exception_info
  File "C:\Users\Asus\AppData\Local\Programs\Python\Python313\Lib\site-packages\telebot\util.py", line 97, in run
    task(*args, **kwargs)
    ~~~~^^^^^^^^^^^^^^^^^
  File "C:\Users\Asus\AppData\Local\Programs\Python\Python313\Lib\site-packages\telebot\__init__.py", line 688, in __retrieve_updates
    updates = self.get_updates(offset=(self.last_update_id + 1),
                               allowed_updates=allowed_updates,
                               timeout=timeout, long_polling_timeout=long_polling_timeout)
  File "C:\Users\Asus\AppData\Local\Programs\Python\Python313\Lib\site-packages\telebot\__init__.py", line 660, in get_updates
    json_updates = apihelper.get_updates(
        self.token, offset=offset, limit=limit, timeout=timeout, allowed_updates=allowed_updates,
        long_polling_timeout=long_polling_timeout)
  File "C:\Users\Asus\AppData\Local\Programs\Python\Python313\Lib\site-packages\telebot\apihelper.py", line 339, in get_updates
    return _make_request(token, method_url, params=payload)
  File "C:\Users\Asus\AppData\Local\Programs\Python\Python313\Lib\site-packages\telebot\apihelper.py", line 168, in _make_request
    json_result = _check_result(method_name, result)
  File "C:\Users\Asus\AppData\Local\Programs\Python\Python313\Lib\site-packages\telebot\apihelper.py", line 197, in _check_result
    raise ApiTelegramException(method_name, result, result_json)
telebot.apihelper.ApiTelegramException: A request to the Telegram API was unsuccessful. Error code: 409. Description: Conflict: terminated by other getUpdates request; make sure that only one bot instance is running

2025-10-27 01:27:47,950 - TeleBot - ERROR - Threaded polling exception: A request to the Telegram API was unsuccessful. Error code: 409. Description: Conflict: terminated by other getUpdates request; make sure that only one bot instance is running
2025-10-27 01:27:47,951 - TeleBot - ERROR - Exception traceback:
Traceback (most recent call last):
  File "C:\Users\Asus\AppData\Local\Programs\Python\Python313\Lib\site-packages\telebot\__init__.py", line 1234, in __threaded_polling
    polling_thread.raise_exceptions()
    ~~~~~~~~~~~~~~~~~~~~~~~~~~~~~~~^^
  File "C:\Users\Asus\AppData\Local\Programs\Python\Python313\Lib\site-packages\telebot\util.py", line 115, in raise_exceptions
    raise self.exception_info
  File "C:\Users\Asus\AppData\Local\Programs\Python\Python313\Lib\site-packages\telebot\util.py", line 97, in run
    task(*args, **kwargs)
    ~~~~^^^^^^^^^^^^^^^^^
  File "C:\Users\Asus\AppData\Local\Programs\Python\Python313\Lib\site-packages\telebot\__init__.py", line 688, in __retrieve_updates
    updates = self.get_updates(offset=(self.last_update_id + 1),
                               allowed_updates=allowed_updates,
                               timeout=timeout, long_polling_timeout=long_polling_timeout)
  File "C:\Users\Asus\AppData\Local\Programs\Python\Python313\Lib\site-packages\telebot\__init__.py", line 660, in get_updates
    json_updates = apihelper.get_updates(
        self.token, offset=offset, limit=limit, timeout=timeout, allowed_updates=allowed_updates,
        long_polling_timeout=long_polling_timeout)
  File "C:\Users\Asus\AppData\Local\Programs\Python\Python313\Lib\site-packages\telebot\apihelper.py", line 339, in get_updates
    return _make_request(token, method_url, params=payload)
  File "C:\Users\Asus\AppData\Local\Programs\Python\Python313\Lib\site-packages\telebot\apihelper.py", line 168, in _make_request
    json_result = _check_result(method_name, result)
  File "C:\Users\Asus\AppData\Local\Programs\Python\Python313\Lib\site-packages\telebot\apihelper.py", line 197, in _check_result
    raise ApiTelegramException(method_name, result, result_json)
telebot.apihelper.ApiTelegramException: A request to the Telegram API was unsuccessful. Error code: 409. Description: Conflict: terminated by other getUpdates request; make sure that only one bot instance is running

2025-10-27 01:27:48,476 - TeleBot - ERROR - Threaded polling exception: A request to the Telegram API was unsuccessful. Error code: 409. Description: Conflict: terminated by other getUpdates request; make sure that only one bot instance is running
2025-10-27 01:27:48,478 - TeleBot - ERROR - Exception traceback:
Traceback (most recent call last):
  File "C:\Users\Asus\AppData\Local\Programs\Python\Python313\Lib\site-packages\telebot\__init__.py", line 1234, in __threaded_polling
    polling_thread.raise_exceptions()
    ~~~~~~~~~~~~~~~~~~~~~~~~~~~~~~~^^
  File "C:\Users\Asus\AppData\Local\Programs\Python\Python313\Lib\site-packages\telebot\util.py", line 115, in raise_exceptions
    raise self.exception_info
  File "C:\Users\Asus\AppData\Local\Programs\Python\Python313\Lib\site-packages\telebot\util.py", line 97, in run
    task(*args, **kwargs)
    ~~~~^^^^^^^^^^^^^^^^^
  File "C:\Users\Asus\AppData\Local\Programs\Python\Python313\Lib\site-packages\telebot\__init__.py", line 688, in __retrieve_updates
    updates = self.get_updates(offset=(self.last_update_id + 1),
                               allowed_updates=allowed_updates,
                               timeout=timeout, long_polling_timeout=long_polling_timeout)
  File "C:\Users\Asus\AppData\Local\Programs\Python\Python313\Lib\site-packages\telebot\__init__.py", line 660, in get_updates
    json_updates = apihelper.get_updates(
        self.token, offset=offset, limit=limit, timeout=timeout, allowed_updates=allowed_updates,
        long_polling_timeout=long_polling_timeout)
  File "C:\Users\Asus\AppData\Local\Programs\Python\Python313\Lib\site-packages\telebot\apihelper.py", line 339, in get_updates
    return _make_request(token, method_url, params=payload)
  File "C:\Users\Asus\AppData\Local\Programs\Python\Python313\Lib\site-packages\telebot\apihelper.py", line 168, in _make_request
    json_result = _check_result(method_name, result)
  File "C:\Users\Asus\AppData\Local\Programs\Python\Python313\Lib\site-packages\telebot\apihelper.py", line 197, in _check_result
    raise ApiTelegramException(method_name, result, result_json)
telebot.apihelper.ApiTelegramException: A request to the Telegram API was unsuccessful. Error code: 409. Description: Conflict: terminated by other getUpdates request; make sure that only one bot instance is running

2025-10-27 01:27:52,022 - TeleBot - ERROR - Threaded polling exception: A request to the Telegram API was unsuccessful. Error code: 409. Description: Conflict: terminated by other getUpdates request; make sure that only one bot instance is running
2025-10-27 01:27:52,026 - TeleBot - ERROR - Exception traceback:
Traceback (most recent call last):
  File "C:\Users\Asus\AppData\Local\Programs\Python\Python313\Lib\site-packages\telebot\__init__.py", line 1234, in __threaded_polling
    polling_thread.raise_exceptions()
    ~~~~~~~~~~~~~~~~~~~~~~~~~~~~~~~^^
  File "C:\Users\Asus\AppData\Local\Programs\Python\Python313\Lib\site-packages\telebot\util.py", line 115, in raise_exceptions
    raise self.exception_info
  File "C:\Users\Asus\AppData\Local\Programs\Python\Python313\Lib\site-packages\telebot\util.py", line 97, in run
    task(*args, **kwargs)
    ~~~~^^^^^^^^^^^^^^^^^
  File "C:\Users\Asus\AppData\Local\Programs\Python\Python313\Lib\site-packages\telebot\__init__.py", line 688, in __retrieve_updates
    updates = self.get_updates(offset=(self.last_update_id + 1),
                               allowed_updates=allowed_updates,
                               timeout=timeout, long_polling_timeout=long_polling_timeout)
  File "C:\Users\Asus\AppData\Local\Programs\Python\Python313\Lib\site-packages\telebot\__init__.py", line 660, in get_updates
    json_updates = apihelper.get_updates(
        self.token, offset=offset, limit=limit, timeout=timeout, allowed_updates=allowed_updates,
        long_polling_timeout=long_polling_timeout)
  File "C:\Users\Asus\AppData\Local\Programs\Python\Python313\Lib\site-packages\telebot\apihelper.py", line 339, in get_updates
    return _make_request(token, method_url, params=payload)
  File "C:\Users\Asus\AppData\Local\Programs\Python\Python313\Lib\site-packages\telebot\apihelper.py", line 168, in _make_request
    json_result = _check_result(method_name, result)
  File "C:\Users\Asus\AppData\Local\Programs\Python\Python313\Lib\site-packages\telebot\apihelper.py", line 197, in _check_result
    raise ApiTelegramException(method_name, result, result_json)
telebot.apihelper.ApiTelegramException: A request to the Telegram API was unsuccessful. Error code: 409. Description: Conflict: terminated by other getUpdates request; make sure that only one bot instance is running

2025-10-27 01:27:52,795 - TeleBot - ERROR - Threaded polling exception: A request to the Telegram API was unsuccessful. Error code: 409. Description: Conflict: terminated by other getUpdates request; make sure that only one bot instance is running
2025-10-27 01:27:52,796 - TeleBot - ERROR - Exception traceback:
Traceback (most recent call last):
  File "C:\Users\Asus\AppData\Local\Programs\Python\Python313\Lib\site-packages\telebot\__init__.py", line 1234, in __threaded_polling
    polling_thread.raise_exceptions()
    ~~~~~~~~~~~~~~~~~~~~~~~~~~~~~~~^^
  File "C:\Users\Asus\AppData\Local\Programs\Python\Python313\Lib\site-packages\telebot\util.py", line 115, in raise_exceptions
    raise self.exception_info
  File "C:\Users\Asus\AppData\Local\Programs\Python\Python313\Lib\site-packages\telebot\util.py", line 97, in run
    task(*args, **kwargs)
    ~~~~^^^^^^^^^^^^^^^^^
  File "C:\Users\Asus\AppData\Local\Programs\Python\Python313\Lib\site-packages\telebot\__init__.py", line 688, in __retrieve_updates
    updates = self.get_updates(offset=(self.last_update_id + 1),
                               allowed_updates=allowed_updates,
                               timeout=timeout, long_polling_timeout=long_polling_timeout)
  File "C:\Users\Asus\AppData\Local\Programs\Python\Python313\Lib\site-packages\telebot\__init__.py", line 660, in get_updates
    json_updates = apihelper.get_updates(
        self.token, offset=offset, limit=limit, timeout=timeout, allowed_updates=allowed_updates,
        long_polling_timeout=long_polling_timeout)
  File "C:\Users\Asus\AppData\Local\Programs\Python\Python313\Lib\site-packages\telebot\apihelper.py", line 339, in get_updates
    return _make_request(token, method_url, params=payload)
  File "C:\Users\Asus\AppData\Local\Programs\Python\Python313\Lib\site-packages\telebot\apihelper.py", line 168, in _make_request
    json_result = _check_result(method_name, result)
  File "C:\Users\Asus\AppData\Local\Programs\Python\Python313\Lib\site-packages\telebot\apihelper.py", line 197, in _check_result
    raise ApiTelegramException(method_name, result, result_json)
telebot.apihelper.ApiTelegramException: A request to the Telegram API was unsuccessful. Error code: 409. Description: Conflict: terminated by other getUpdates request; make sure that only one bot instance is running

2025-10-27 01:27:56,310 - TeleBot - ERROR - Threaded polling exception: A request to the Telegram API was unsuccessful. Error code: 409. Description: Conflict: terminated by other getUpdates request; make sure that only one bot instance is running
2025-10-27 01:27:56,313 - TeleBot - ERROR - Exception traceback:
Traceback (most recent call last):
  File "C:\Users\Asus\AppData\Local\Programs\Python\Python313\Lib\site-packages\telebot\__init__.py", line 1234, in __threaded_polling
    polling_thread.raise_exceptions()
    ~~~~~~~~~~~~~~~~~~~~~~~~~~~~~~~^^
  File "C:\Users\Asus\AppData\Local\Programs\Python\Python313\Lib\site-packages\telebot\util.py", line 115, in raise_exceptions
    raise self.exception_info
  File "C:\Users\Asus\AppData\Local\Programs\Python\Python313\Lib\site-packages\telebot\util.py", line 97, in run
    task(*args, **kwargs)
    ~~~~^^^^^^^^^^^^^^^^^
  File "C:\Users\Asus\AppData\Local\Programs\Python\Python313\Lib\site-packages\telebot\__init__.py", line 688, in __retrieve_updates
    updates = self.get_updates(offset=(self.last_update_id + 1),
                               allowed_updates=allowed_updates,
                               timeout=timeout, long_polling_timeout=long_polling_timeout)
  File "C:\Users\Asus\AppData\Local\Programs\Python\Python313\Lib\site-packages\telebot\__init__.py", line 660, in get_updates
    json_updates = apihelper.get_updates(
        self.token, offset=offset, limit=limit, timeout=timeout, allowed_updates=allowed_updates,
        long_polling_timeout=long_polling_timeout)
  File "C:\Users\Asus\AppData\Local\Programs\Python\Python313\Lib\site-packages\telebot\apihelper.py", line 339, in get_updates
    return _make_request(token, method_url, params=payload)
  File "C:\Users\Asus\AppData\Local\Programs\Python\Python313\Lib\site-packages\telebot\apihelper.py", line 168, in _make_request
    json_result = _check_result(method_name, result)
  File "C:\Users\Asus\AppData\Local\Programs\Python\Python313\Lib\site-packages\telebot\apihelper.py", line 197, in _check_result
    raise ApiTelegramException(method_name, result, result_json)
telebot.apihelper.ApiTelegramException: A request to the Telegram API was unsuccessful. Error code: 409. Description: Conflict: terminated by other getUpdates request; make sure that only one bot instance is running

2025-10-27 01:27:57,594 - TeleBot - ERROR - Threaded polling exception: A request to the Telegram API was unsuccessful. Error code: 409. Description: Conflict: terminated by other getUpdates request; make sure that only one bot instance is running
2025-10-27 01:27:57,596 - TeleBot - ERROR - Exception traceback:
Traceback (most recent call last):
  File "C:\Users\Asus\AppData\Local\Programs\Python\Python313\Lib\site-packages\telebot\__init__.py", line 1234, in __threaded_polling
    polling_thread.raise_exceptions()
    ~~~~~~~~~~~~~~~~~~~~~~~~~~~~~~~^^
  File "C:\Users\Asus\AppData\Local\Programs\Python\Python313\Lib\site-packages\telebot\util.py", line 115, in raise_exceptions
    raise self.exception_info
  File "C:\Users\Asus\AppData\Local\Programs\Python\Python313\Lib\site-packages\telebot\util.py", line 97, in run
    task(*args, **kwargs)
    ~~~~^^^^^^^^^^^^^^^^^
  File "C:\Users\Asus\AppData\Local\Programs\Python\Python313\Lib\site-packages\telebot\__init__.py", line 688, in __retrieve_updates
    updates = self.get_updates(offset=(self.last_update_id + 1),
                               allowed_updates=allowed_updates,
                               timeout=timeout, long_polling_timeout=long_polling_timeout)
  File "C:\Users\Asus\AppData\Local\Programs\Python\Python313\Lib\site-packages\telebot\__init__.py", line 660, in get_updates
    json_updates = apihelper.get_updates(
        self.token, offset=offset, limit=limit, timeout=timeout, allowed_updates=allowed_updates,
        long_polling_timeout=long_polling_timeout)
  File "C:\Users\Asus\AppData\Local\Programs\Python\Python313\Lib\site-packages\telebot\apihelper.py", line 339, in get_updates
    return _make_request(token, method_url, params=payload)
  File "C:\Users\Asus\AppData\Local\Programs\Python\Python313\Lib\site-packages\telebot\apihelper.py", line 168, in _make_request
    json_result = _check_result(method_name, result)
  File "C:\Users\Asus\AppData\Local\Programs\Python\Python313\Lib\site-packages\telebot\apihelper.py", line 197, in _check_result
    raise ApiTelegramException(method_name, result, result_json)
telebot.apihelper.ApiTelegramException: A request to the Telegram API was unsuccessful. Error code: 409. Description: Conflict: terminated by other getUpdates request; make sure that only one bot instance is running

2025-10-27 01:28:01,375 - TeleBot - ERROR - Threaded polling exception: A request to the Telegram API was unsuccessful. Error code: 409. Description: Conflict: terminated by other getUpdates request; make sure that only one bot instance is running
2025-10-27 01:28:01,376 - TeleBot - ERROR - Exception traceback:
Traceback (most recent call last):
  File "C:\Users\Asus\AppData\Local\Programs\Python\Python313\Lib\site-packages\telebot\__init__.py", line 1234, in __threaded_polling
    polling_thread.raise_exceptions()
    ~~~~~~~~~~~~~~~~~~~~~~~~~~~~~~~^^
  File "C:\Users\Asus\AppData\Local\Programs\Python\Python313\Lib\site-packages\telebot\util.py", line 115, in raise_exceptions
    raise self.exception_info
  File "C:\Users\Asus\AppData\Local\Programs\Python\Python313\Lib\site-packages\telebot\util.py", line 97, in run
    task(*args, **kwargs)
    ~~~~^^^^^^^^^^^^^^^^^
  File "C:\Users\Asus\AppData\Local\Programs\Python\Python313\Lib\site-packages\telebot\__init__.py", line 688, in __retrieve_updates
    updates = self.get_updates(offset=(self.last_update_id + 1),
                               allowed_updates=allowed_updates,
                               timeout=timeout, long_polling_timeout=long_polling_timeout)
  File "C:\Users\Asus\AppData\Local\Programs\Python\Python313\Lib\site-packages\telebot\__init__.py", line 660, in get_updates
    json_updates = apihelper.get_updates(
        self.token, offset=offset, limit=limit, timeout=timeout, allowed_updates=allowed_updates,
        long_polling_timeout=long_polling_timeout)
  File "C:\Users\Asus\AppData\Local\Programs\Python\Python313\Lib\site-packages\telebot\apihelper.py", line 339, in get_updates
    return _make_request(token, method_url, params=payload)
  File "C:\Users\Asus\AppData\Local\Programs\Python\Python313\Lib\site-packages\telebot\apihelper.py", line 168, in _make_request
    json_result = _check_result(method_name, result)
  File "C:\Users\Asus\AppData\Local\Programs\Python\Python313\Lib\site-packages\telebot\apihelper.py", line 197, in _check_result
    raise ApiTelegramException(method_name, result, result_json)
telebot.apihelper.ApiTelegramException: A request to the Telegram API was unsuccessful. Error code: 409. Description: Conflict: terminated by other getUpdates request; make sure that only one bot instance is running

2025-10-27 01:28:01,897 - TeleBot - ERROR - Threaded polling exception: A request to the Telegram API was unsuccessful. Error code: 409. Description: Conflict: terminated by other getUpdates request; make sure that only one bot instance is running
2025-10-27 01:28:01,898 - TeleBot - ERROR - Exception traceback:
Traceback (most recent call last):
  File "C:\Users\Asus\AppData\Local\Programs\Python\Python313\Lib\site-packages\telebot\__init__.py", line 1234, in __threaded_polling
    polling_thread.raise_exceptions()
    ~~~~~~~~~~~~~~~~~~~~~~~~~~~~~~~^^
  File "C:\Users\Asus\AppData\Local\Programs\Python\Python313\Lib\site-packages\telebot\util.py", line 115, in raise_exceptions
    raise self.exception_info
  File "C:\Users\Asus\AppData\Local\Programs\Python\Python313\Lib\site-packages\telebot\util.py", line 97, in run
    task(*args, **kwargs)
    ~~~~^^^^^^^^^^^^^^^^^
  File "C:\Users\Asus\AppData\Local\Programs\Python\Python313\Lib\site-packages\telebot\__init__.py", line 688, in __retrieve_updates
    updates = self.get_updates(offset=(self.last_update_id + 1),
                               allowed_updates=allowed_updates,
                               timeout=timeout, long_polling_timeout=long_polling_timeout)
  File "C:\Users\Asus\AppData\Local\Programs\Python\Python313\Lib\site-packages\telebot\__init__.py", line 660, in get_updates
    json_updates = apihelper.get_updates(
        self.token, offset=offset, limit=limit, timeout=timeout, allowed_updates=allowed_updates,
        long_polling_timeout=long_polling_timeout)
  File "C:\Users\Asus\AppData\Local\Programs\Python\Python313\Lib\site-packages\telebot\apihelper.py", line 339, in get_updates
    return _make_request(token, method_url, params=payload)
  File "C:\Users\Asus\AppData\Local\Programs\Python\Python313\Lib\site-packages\telebot\apihelper.py", line 168, in _make_request
    json_result = _check_result(method_name, result)
  File "C:\Users\Asus\AppData\Local\Programs\Python\Python313\Lib\site-packages\telebot\apihelper.py", line 197, in _check_result
    raise ApiTelegramException(method_name, result, result_json)
telebot.apihelper.ApiTelegramException: A request to the Telegram API was unsuccessful. Error code: 409. Description: Conflict: terminated by other getUpdates request; make sure that only one bot instance is running

2025-10-27 01:28:05,408 - TeleBot - ERROR - Threaded polling exception: A request to the Telegram API was unsuccessful. Error code: 409. Description: Conflict: terminated by other getUpdates request; make sure that only one bot instance is running
2025-10-27 01:28:05,410 - TeleBot - ERROR - Exception traceback:
Traceback (most recent call last):
  File "C:\Users\Asus\AppData\Local\Programs\Python\Python313\Lib\site-packages\telebot\__init__.py", line 1234, in __threaded_polling
    polling_thread.raise_exceptions()
    ~~~~~~~~~~~~~~~~~~~~~~~~~~~~~~~^^
  File "C:\Users\Asus\AppData\Local\Programs\Python\Python313\Lib\site-packages\telebot\util.py", line 115, in raise_exceptions
    raise self.exception_info
  File "C:\Users\Asus\AppData\Local\Programs\Python\Python313\Lib\site-packages\telebot\util.py", line 97, in run
    task(*args, **kwargs)
    ~~~~^^^^^^^^^^^^^^^^^
  File "C:\Users\Asus\AppData\Local\Programs\Python\Python313\Lib\site-packages\telebot\__init__.py", line 688, in __retrieve_updates
    updates = self.get_updates(offset=(self.last_update_id + 1),
                               allowed_updates=allowed_updates,
                               timeout=timeout, long_polling_timeout=long_polling_timeout)
  File "C:\Users\Asus\AppData\Local\Programs\Python\Python313\Lib\site-packages\telebot\__init__.py", line 660, in get_updates
    json_updates = apihelper.get_updates(
        self.token, offset=offset, limit=limit, timeout=timeout, allowed_updates=allowed_updates,
        long_polling_timeout=long_polling_timeout)
  File "C:\Users\Asus\AppData\Local\Programs\Python\Python313\Lib\site-packages\telebot\apihelper.py", line 339, in get_updates
    return _make_request(token, method_url, params=payload)
  File "C:\Users\Asus\AppData\Local\Programs\Python\Python313\Lib\site-packages\telebot\apihelper.py", line 168, in _make_request
    json_result = _check_result(method_name, result)
  File "C:\Users\Asus\AppData\Local\Programs\Python\Python313\Lib\site-packages\telebot\apihelper.py", line 197, in _check_result
    raise ApiTelegramException(method_name, result, result_json)
telebot.apihelper.ApiTelegramException: A request to the Telegram API was unsuccessful. Error code: 409. Description: Conflict: terminated by other getUpdates request; make sure that only one bot instance is running

2025-10-27 01:28:06,194 - TeleBot - ERROR - Threaded polling exception: A request to the Telegram API was unsuccessful. Error code: 409. Description: Conflict: terminated by other getUpdates request; make sure that only one bot instance is running
2025-10-27 01:28:06,196 - TeleBot - ERROR - Exception traceback:
Traceback (most recent call last):
  File "C:\Users\Asus\AppData\Local\Programs\Python\Python313\Lib\site-packages\telebot\__init__.py", line 1234, in __threaded_polling
    polling_thread.raise_exceptions()
    ~~~~~~~~~~~~~~~~~~~~~~~~~~~~~~~^^
  File "C:\Users\Asus\AppData\Local\Programs\Python\Python313\Lib\site-packages\telebot\util.py", line 115, in raise_exceptions
    raise self.exception_info
  File "C:\Users\Asus\AppData\Local\Programs\Python\Python313\Lib\site-packages\telebot\util.py", line 97, in run
    task(*args, **kwargs)
    ~~~~^^^^^^^^^^^^^^^^^
  File "C:\Users\Asus\AppData\Local\Programs\Python\Python313\Lib\site-packages\telebot\__init__.py", line 688, in __retrieve_updates
    updates = self.get_updates(offset=(self.last_update_id + 1),
                               allowed_updates=allowed_updates,
                               timeout=timeout, long_polling_timeout=long_polling_timeout)
  File "C:\Users\Asus\AppData\Local\Programs\Python\Python313\Lib\site-packages\telebot\__init__.py", line 660, in get_updates
    json_updates = apihelper.get_updates(
        self.token, offset=offset, limit=limit, timeout=timeout, allowed_updates=allowed_updates,
        long_polling_timeout=long_polling_timeout)
  File "C:\Users\Asus\AppData\Local\Programs\Python\Python313\Lib\site-packages\telebot\apihelper.py", line 339, in get_updates
    return _make_request(token, method_url, params=payload)
  File "C:\Users\Asus\AppData\Local\Programs\Python\Python313\Lib\site-packages\telebot\apihelper.py", line 168, in _make_request
    json_result = _check_result(method_name, result)
  File "C:\Users\Asus\AppData\Local\Programs\Python\Python313\Lib\site-packages\telebot\apihelper.py", line 197, in _check_result
    raise ApiTelegramException(method_name, result, result_json)
telebot.apihelper.ApiTelegramException: A request to the Telegram API was unsuccessful. Error code: 409. Description: Conflict: terminated by other getUpdates request; make sure that only one bot instance is running

2025-10-27 01:28:09,714 - TeleBot - ERROR - Threaded polling exception: A request to the Telegram API was unsuccessful. Error code: 409. Description: Conflict: terminated by other getUpdates request; make sure that only one bot instance is running
2025-10-27 01:28:09,718 - TeleBot - ERROR - Exception traceback:
Traceback (most recent call last):
  File "C:\Users\Asus\AppData\Local\Programs\Python\Python313\Lib\site-packages\telebot\__init__.py", line 1234, in __threaded_polling
    polling_thread.raise_exceptions()
    ~~~~~~~~~~~~~~~~~~~~~~~~~~~~~~~^^
  File "C:\Users\Asus\AppData\Local\Programs\Python\Python313\Lib\site-packages\telebot\util.py", line 115, in raise_exceptions
    raise self.exception_info
  File "C:\Users\Asus\AppData\Local\Programs\Python\Python313\Lib\site-packages\telebot\util.py", line 97, in run
    task(*args, **kwargs)
    ~~~~^^^^^^^^^^^^^^^^^
  File "C:\Users\Asus\AppData\Local\Programs\Python\Python313\Lib\site-packages\telebot\__init__.py", line 688, in __retrieve_updates
    updates = self.get_updates(offset=(self.last_update_id + 1),
                               allowed_updates=allowed_updates,
                               timeout=timeout, long_polling_timeout=long_polling_timeout)
  File "C:\Users\Asus\AppData\Local\Programs\Python\Python313\Lib\site-packages\telebot\__init__.py", line 660, in get_updates
    json_updates = apihelper.get_updates(
        self.token, offset=offset, limit=limit, timeout=timeout, allowed_updates=allowed_updates,
        long_polling_timeout=long_polling_timeout)
  File "C:\Users\Asus\AppData\Local\Programs\Python\Python313\Lib\site-packages\telebot\apihelper.py", line 339, in get_updates
    return _make_request(token, method_url, params=payload)
  File "C:\Users\Asus\AppData\Local\Programs\Python\Python313\Lib\site-packages\telebot\apihelper.py", line 168, in _make_request
    json_result = _check_result(method_name, result)
  File "C:\Users\Asus\AppData\Local\Programs\Python\Python313\Lib\site-packages\telebot\apihelper.py", line 197, in _check_result
    raise ApiTelegramException(method_name, result, result_json)
telebot.apihelper.ApiTelegramException: A request to the Telegram API was unsuccessful. Error code: 409. Description: Conflict: terminated by other getUpdates request; make sure that only one bot instance is running

2025-10-27 01:28:10,994 - TeleBot - ERROR - Threaded polling exception: A request to the Telegram API was unsuccessful. Error code: 409. Description: Conflict: terminated by other getUpdates request; make sure that only one bot instance is running
2025-10-27 01:28:10,996 - TeleBot - ERROR - Exception traceback:
Traceback (most recent call last):
  File "C:\Users\Asus\AppData\Local\Programs\Python\Python313\Lib\site-packages\telebot\__init__.py", line 1234, in __threaded_polling
    polling_thread.raise_exceptions()
    ~~~~~~~~~~~~~~~~~~~~~~~~~~~~~~~^^
  File "C:\Users\Asus\AppData\Local\Programs\Python\Python313\Lib\site-packages\telebot\util.py", line 115, in raise_exceptions
    raise self.exception_info
  File "C:\Users\Asus\AppData\Local\Programs\Python\Python313\Lib\site-packages\telebot\util.py", line 97, in run
    task(*args, **kwargs)
    ~~~~^^^^^^^^^^^^^^^^^
  File "C:\Users\Asus\AppData\Local\Programs\Python\Python313\Lib\site-packages\telebot\__init__.py", line 688, in __retrieve_updates
    updates = self.get_updates(offset=(self.last_update_id + 1),
                               allowed_updates=allowed_updates,
                               timeout=timeout, long_polling_timeout=long_polling_timeout)
  File "C:\Users\Asus\AppData\Local\Programs\Python\Python313\Lib\site-packages\telebot\__init__.py", line 660, in get_updates
    json_updates = apihelper.get_updates(
        self.token, offset=offset, limit=limit, timeout=timeout, allowed_updates=allowed_updates,
        long_polling_timeout=long_polling_timeout)
  File "C:\Users\Asus\AppData\Local\Programs\Python\Python313\Lib\site-packages\telebot\apihelper.py", line 339, in get_updates
    return _make_request(token, method_url, params=payload)
  File "C:\Users\Asus\AppData\Local\Programs\Python\Python313\Lib\site-packages\telebot\apihelper.py", line 168, in _make_request
    json_result = _check_result(method_name, result)
  File "C:\Users\Asus\AppData\Local\Programs\Python\Python313\Lib\site-packages\telebot\apihelper.py", line 197, in _check_result
    raise ApiTelegramException(method_name, result, result_json)
telebot.apihelper.ApiTelegramException: A request to the Telegram API was unsuccessful. Error code: 409. Description: Conflict: terminated by other getUpdates request; make sure that only one bot instance is running

2025-10-27 01:28:14,512 - TeleBot - ERROR - Threaded polling exception: A request to the Telegram API was unsuccessful. Error code: 409. Description: Conflict: terminated by other getUpdates request; make sure that only one bot instance is running
2025-10-27 01:28:14,517 - TeleBot - ERROR - Exception traceback:
Traceback (most recent call last):
  File "C:\Users\Asus\AppData\Local\Programs\Python\Python313\Lib\site-packages\telebot\__init__.py", line 1234, in __threaded_polling
    polling_thread.raise_exceptions()
    ~~~~~~~~~~~~~~~~~~~~~~~~~~~~~~~^^
  File "C:\Users\Asus\AppData\Local\Programs\Python\Python313\Lib\site-packages\telebot\util.py", line 115, in raise_exceptions
    raise self.exception_info
  File "C:\Users\Asus\AppData\Local\Programs\Python\Python313\Lib\site-packages\telebot\util.py", line 97, in run
    task(*args, **kwargs)
    ~~~~^^^^^^^^^^^^^^^^^
  File "C:\Users\Asus\AppData\Local\Programs\Python\Python313\Lib\site-packages\telebot\__init__.py", line 688, in __retrieve_updates
    updates = self.get_updates(offset=(self.last_update_id + 1),
                               allowed_updates=allowed_updates,
                               timeout=timeout, long_polling_timeout=long_polling_timeout)
  File "C:\Users\Asus\AppData\Local\Programs\Python\Python313\Lib\site-packages\telebot\__init__.py", line 660, in get_updates
    json_updates = apihelper.get_updates(
        self.token, offset=offset, limit=limit, timeout=timeout, allowed_updates=allowed_updates,
        long_polling_timeout=long_polling_timeout)
  File "C:\Users\Asus\AppData\Local\Programs\Python\Python313\Lib\site-packages\telebot\apihelper.py", line 339, in get_updates
    return _make_request(token, method_url, params=payload)
  File "C:\Users\Asus\AppData\Local\Programs\Python\Python313\Lib\site-packages\telebot\apihelper.py", line 168, in _make_request
    json_result = _check_result(method_name, result)
  File "C:\Users\Asus\AppData\Local\Programs\Python\Python313\Lib\site-packages\telebot\apihelper.py", line 197, in _check_result
    raise ApiTelegramException(method_name, result, result_json)
telebot.apihelper.ApiTelegramException: A request to the Telegram API was unsuccessful. Error code: 409. Description: Conflict: terminated by other getUpdates request; make sure that only one bot instance is running

2025-10-27 01:28:16,797 - TeleBot - ERROR - Threaded polling exception: A request to the Telegram API was unsuccessful. Error code: 409. Description: Conflict: terminated by other getUpdates request; make sure that only one bot instance is running
2025-10-27 01:28:16,801 - TeleBot - ERROR - Exception traceback:
Traceback (most recent call last):
  File "C:\Users\Asus\AppData\Local\Programs\Python\Python313\Lib\site-packages\telebot\__init__.py", line 1234, in __threaded_polling
    polling_thread.raise_exceptions()
    ~~~~~~~~~~~~~~~~~~~~~~~~~~~~~~~^^
  File "C:\Users\Asus\AppData\Local\Programs\Python\Python313\Lib\site-packages\telebot\util.py", line 115, in raise_exceptions
    raise self.exception_info
  File "C:\Users\Asus\AppData\Local\Programs\Python\Python313\Lib\site-packages\telebot\util.py", line 97, in run
    task(*args, **kwargs)
    ~~~~^^^^^^^^^^^^^^^^^
  File "C:\Users\Asus\AppData\Local\Programs\Python\Python313\Lib\site-packages\telebot\__init__.py", line 688, in __retrieve_updates
    updates = self.get_updates(offset=(self.last_update_id + 1),
                               allowed_updates=allowed_updates,
                               timeout=timeout, long_polling_timeout=long_polling_timeout)
  File "C:\Users\Asus\AppData\Local\Programs\Python\Python313\Lib\site-packages\telebot\__init__.py", line 660, in get_updates
    json_updates = apihelper.get_updates(
        self.token, offset=offset, limit=limit, timeout=timeout, allowed_updates=allowed_updates,
        long_polling_timeout=long_polling_timeout)
  File "C:\Users\Asus\AppData\Local\Programs\Python\Python313\Lib\site-packages\telebot\apihelper.py", line 339, in get_updates
    return _make_request(token, method_url, params=payload)
  File "C:\Users\Asus\AppData\Local\Programs\Python\Python313\Lib\site-packages\telebot\apihelper.py", line 168, in _make_request
    json_result = _check_result(method_name, result)
  File "C:\Users\Asus\AppData\Local\Programs\Python\Python313\Lib\site-packages\telebot\apihelper.py", line 197, in _check_result
    raise ApiTelegramException(method_name, result, result_json)
telebot.apihelper.ApiTelegramException: A request to the Telegram API was unsuccessful. Error code: 409. Description: Conflict: terminated by other getUpdates request; make sure that only one bot instance is running

2025-10-27 01:28:20,570 - TeleBot - ERROR - Threaded polling exception: A request to the Telegram API was unsuccessful. Error code: 409. Description: Conflict: terminated by other getUpdates request; make sure that only one bot instance is running
2025-10-27 01:28:20,573 - TeleBot - ERROR - Exception traceback:
Traceback (most recent call last):
  File "C:\Users\Asus\AppData\Local\Programs\Python\Python313\Lib\site-packages\telebot\__init__.py", line 1234, in __threaded_polling
    polling_thread.raise_exceptions()
    ~~~~~~~~~~~~~~~~~~~~~~~~~~~~~~~^^
  File "C:\Users\Asus\AppData\Local\Programs\Python\Python313\Lib\site-packages\telebot\util.py", line 115, in raise_exceptions
    raise self.exception_info
  File "C:\Users\Asus\AppData\Local\Programs\Python\Python313\Lib\site-packages\telebot\util.py", line 97, in run
    task(*args, **kwargs)
    ~~~~^^^^^^^^^^^^^^^^^
  File "C:\Users\Asus\AppData\Local\Programs\Python\Python313\Lib\site-packages\telebot\__init__.py", line 688, in __retrieve_updates
    updates = self.get_updates(offset=(self.last_update_id + 1),
                               allowed_updates=allowed_updates,
                               timeout=timeout, long_polling_timeout=long_polling_timeout)
  File "C:\Users\Asus\AppData\Local\Programs\Python\Python313\Lib\site-packages\telebot\__init__.py", line 660, in get_updates
    json_updates = apihelper.get_updates(
        self.token, offset=offset, limit=limit, timeout=timeout, allowed_updates=allowed_updates,
        long_polling_timeout=long_polling_timeout)
  File "C:\Users\Asus\AppData\Local\Programs\Python\Python313\Lib\site-packages\telebot\apihelper.py", line 339, in get_updates
    return _make_request(token, method_url, params=payload)
  File "C:\Users\Asus\AppData\Local\Programs\Python\Python313\Lib\site-packages\telebot\apihelper.py", line 168, in _make_request
    json_result = _check_result(method_name, result)
  File "C:\Users\Asus\AppData\Local\Programs\Python\Python313\Lib\site-packages\telebot\apihelper.py", line 197, in _check_result
    raise ApiTelegramException(method_name, result, result_json)
telebot.apihelper.ApiTelegramException: A request to the Telegram API was unsuccessful. Error code: 409. Description: Conflict: terminated by other getUpdates request; make sure that only one bot instance is running

2025-10-27 01:28:24,843 - TeleBot - ERROR - Threaded polling exception: A request to the Telegram API was unsuccessful. Error code: 409. Description: Conflict: terminated by other getUpdates request; make sure that only one bot instance is running
2025-10-27 01:28:24,846 - TeleBot - ERROR - Exception traceback:
Traceback (most recent call last):
  File "C:\Users\Asus\AppData\Local\Programs\Python\Python313\Lib\site-packages\telebot\__init__.py", line 1234, in __threaded_polling
    polling_thread.raise_exceptions()
    ~~~~~~~~~~~~~~~~~~~~~~~~~~~~~~~^^
  File "C:\Users\Asus\AppData\Local\Programs\Python\Python313\Lib\site-packages\telebot\util.py", line 115, in raise_exceptions
    raise self.exception_info
  File "C:\Users\Asus\AppData\Local\Programs\Python\Python313\Lib\site-packages\telebot\util.py", line 97, in run
    task(*args, **kwargs)
    ~~~~^^^^^^^^^^^^^^^^^
  File "C:\Users\Asus\AppData\Local\Programs\Python\Python313\Lib\site-packages\telebot\__init__.py", line 688, in __retrieve_updates
    updates = self.get_updates(offset=(self.last_update_id + 1),
                               allowed_updates=allowed_updates,
                               timeout=timeout, long_polling_timeout=long_polling_timeout)
  File "C:\Users\Asus\AppData\Local\Programs\Python\Python313\Lib\site-packages\telebot\__init__.py", line 660, in get_updates
    json_updates = apihelper.get_updates(
        self.token, offset=offset, limit=limit, timeout=timeout, allowed_updates=allowed_updates,
        long_polling_timeout=long_polling_timeout)
  File "C:\Users\Asus\AppData\Local\Programs\Python\Python313\Lib\site-packages\telebot\apihelper.py", line 339, in get_updates
    return _make_request(token, method_url, params=payload)
  File "C:\Users\Asus\AppData\Local\Programs\Python\Python313\Lib\site-packages\telebot\apihelper.py", line 168, in _make_request
    json_result = _check_result(method_name, result)
  File "C:\Users\Asus\AppData\Local\Programs\Python\Python313\Lib\site-packages\telebot\apihelper.py", line 197, in _check_result
    raise ApiTelegramException(method_name, result, result_json)
telebot.apihelper.ApiTelegramException: A request to the Telegram API was unsuccessful. Error code: 409. Description: Conflict: terminated by other getUpdates request; make sure that only one bot instance is running

2025-10-27 01:28:29,116 - TeleBot - ERROR - Threaded polling exception: A request to the Telegram API was unsuccessful. Error code: 409. Description: Conflict: terminated by other getUpdates request; make sure that only one bot instance is running
2025-10-27 01:28:29,118 - TeleBot - ERROR - Exception traceback:
Traceback (most recent call last):
  File "C:\Users\Asus\AppData\Local\Programs\Python\Python313\Lib\site-packages\telebot\__init__.py", line 1234, in __threaded_polling
    polling_thread.raise_exceptions()
    ~~~~~~~~~~~~~~~~~~~~~~~~~~~~~~~^^
  File "C:\Users\Asus\AppData\Local\Programs\Python\Python313\Lib\site-packages\telebot\util.py", line 115, in raise_exceptions
    raise self.exception_info
  File "C:\Users\Asus\AppData\Local\Programs\Python\Python313\Lib\site-packages\telebot\util.py", line 97, in run
    task(*args, **kwargs)
    ~~~~^^^^^^^^^^^^^^^^^
  File "C:\Users\Asus\AppData\Local\Programs\Python\Python313\Lib\site-packages\telebot\__init__.py", line 688, in __retrieve_updates
    updates = self.get_updates(offset=(self.last_update_id + 1),
                               allowed_updates=allowed_updates,
                               timeout=timeout, long_polling_timeout=long_polling_timeout)
  File "C:\Users\Asus\AppData\Local\Programs\Python\Python313\Lib\site-packages\telebot\__init__.py", line 660, in get_updates
    json_updates = apihelper.get_updates(
        self.token, offset=offset, limit=limit, timeout=timeout, allowed_updates=allowed_updates,
        long_polling_timeout=long_polling_timeout)
  File "C:\Users\Asus\AppData\Local\Programs\Python\Python313\Lib\site-packages\telebot\apihelper.py", line 339, in get_updates
    return _make_request(token, method_url, params=payload)
  File "C:\Users\Asus\AppData\Local\Programs\Python\Python313\Lib\site-packages\telebot\apihelper.py", line 168, in _make_request
    json_result = _check_result(method_name, result)
  File "C:\Users\Asus\AppData\Local\Programs\Python\Python313\Lib\site-packages\telebot\apihelper.py", line 197, in _check_result
    raise ApiTelegramException(method_name, result, result_json)
telebot.apihelper.ApiTelegramException: A request to the Telegram API was unsuccessful. Error code: 409. Description: Conflict: terminated by other getUpdates request; make sure that only one bot instance is running

2025-10-27 01:28:37,464 - TeleBot - ERROR - Threaded polling exception: A request to the Telegram API was unsuccessful. Error code: 409. Description: Conflict: terminated by other getUpdates request; make sure that only one bot instance is running
2025-10-27 01:28:37,466 - TeleBot - ERROR - Exception traceback:
Traceback (most recent call last):
  File "C:\Users\Asus\AppData\Local\Programs\Python\Python313\Lib\site-packages\telebot\__init__.py", line 1234, in __threaded_polling
    polling_thread.raise_exceptions()
    ~~~~~~~~~~~~~~~~~~~~~~~~~~~~~~~^^
  File "C:\Users\Asus\AppData\Local\Programs\Python\Python313\Lib\site-packages\telebot\util.py", line 115, in raise_exceptions
    raise self.exception_info
  File "C:\Users\Asus\AppData\Local\Programs\Python\Python313\Lib\site-packages\telebot\util.py", line 97, in run
    task(*args, **kwargs)
    ~~~~^^^^^^^^^^^^^^^^^
  File "C:\Users\Asus\AppData\Local\Programs\Python\Python313\Lib\site-packages\telebot\__init__.py", line 688, in __retrieve_updates
    updates = self.get_updates(offset=(self.last_update_id + 1),
                               allowed_updates=allowed_updates,
                               timeout=timeout, long_polling_timeout=long_polling_timeout)
  File "C:\Users\Asus\AppData\Local\Programs\Python\Python313\Lib\site-packages\telebot\__init__.py", line 660, in get_updates
    json_updates = apihelper.get_updates(
        self.token, offset=offset, limit=limit, timeout=timeout, allowed_updates=allowed_updates,
        long_polling_timeout=long_polling_timeout)
  File "C:\Users\Asus\AppData\Local\Programs\Python\Python313\Lib\site-packages\telebot\apihelper.py", line 339, in get_updates
    return _make_request(token, method_url, params=payload)
  File "C:\Users\Asus\AppData\Local\Programs\Python\Python313\Lib\site-packages\telebot\apihelper.py", line 168, in _make_request
    json_result = _check_result(method_name, result)
  File "C:\Users\Asus\AppData\Local\Programs\Python\Python313\Lib\site-packages\telebot\apihelper.py", line 197, in _check_result
    raise ApiTelegramException(method_name, result, result_json)
telebot.apihelper.ApiTelegramException: A request to the Telegram API was unsuccessful. Error code: 409. Description: Conflict: terminated by other getUpdates request; make sure that only one bot instance is running

2025-10-27 01:28:42,735 - TeleBot - ERROR - Threaded polling exception: A request to the Telegram API was unsuccessful. Error code: 409. Description: Conflict: terminated by other getUpdates request; make sure that only one bot instance is running
2025-10-27 01:28:42,739 - TeleBot - ERROR - Exception traceback:
Traceback (most recent call last):
  File "C:\Users\Asus\AppData\Local\Programs\Python\Python313\Lib\site-packages\telebot\__init__.py", line 1234, in __threaded_polling
    polling_thread.raise_exceptions()
    ~~~~~~~~~~~~~~~~~~~~~~~~~~~~~~~^^
  File "C:\Users\Asus\AppData\Local\Programs\Python\Python313\Lib\site-packages\telebot\util.py", line 115, in raise_exceptions
    raise self.exception_info
  File "C:\Users\Asus\AppData\Local\Programs\Python\Python313\Lib\site-packages\telebot\util.py", line 97, in run
    task(*args, **kwargs)
    ~~~~^^^^^^^^^^^^^^^^^
  File "C:\Users\Asus\AppData\Local\Programs\Python\Python313\Lib\site-packages\telebot\__init__.py", line 688, in __retrieve_updates
    updates = self.get_updates(offset=(self.last_update_id + 1),
                               allowed_updates=allowed_updates,
                               timeout=timeout, long_polling_timeout=long_polling_timeout)
  File "C:\Users\Asus\AppData\Local\Programs\Python\Python313\Lib\site-packages\telebot\__init__.py", line 660, in get_updates
    json_updates = apihelper.get_updates(
        self.token, offset=offset, limit=limit, timeout=timeout, allowed_updates=allowed_updates,
        long_polling_timeout=long_polling_timeout)
  File "C:\Users\Asus\AppData\Local\Programs\Python\Python313\Lib\site-packages\telebot\apihelper.py", line 339, in get_updates
    return _make_request(token, method_url, params=payload)
  File "C:\Users\Asus\AppData\Local\Programs\Python\Python313\Lib\site-packages\telebot\apihelper.py", line 168, in _make_request
    json_result = _check_result(method_name, result)
  File "C:\Users\Asus\AppData\Local\Programs\Python\Python313\Lib\site-packages\telebot\apihelper.py", line 197, in _check_result
    raise ApiTelegramException(method_name, result, result_json)
telebot.apihelper.ApiTelegramException: A request to the Telegram API was unsuccessful. Error code: 409. Description: Conflict: terminated by other getUpdates request; make sure that only one bot instance is running

2025-10-27 01:28:59,012 - TeleBot - ERROR - Threaded polling exception: A request to the Telegram API was unsuccessful. Error code: 409. Description: Conflict: terminated by other getUpdates request; make sure that only one bot instance is running
2025-10-27 01:28:59,015 - TeleBot - ERROR - Exception traceback:
Traceback (most recent call last):
  File "C:\Users\Asus\AppData\Local\Programs\Python\Python313\Lib\site-packages\telebot\__init__.py", line 1234, in __threaded_polling
    polling_thread.raise_exceptions()
    ~~~~~~~~~~~~~~~~~~~~~~~~~~~~~~~^^
  File "C:\Users\Asus\AppData\Local\Programs\Python\Python313\Lib\site-packages\telebot\util.py", line 115, in raise_exceptions
    raise self.exception_info
  File "C:\Users\Asus\AppData\Local\Programs\Python\Python313\Lib\site-packages\telebot\util.py", line 97, in run
    task(*args, **kwargs)
    ~~~~^^^^^^^^^^^^^^^^^
  File "C:\Users\Asus\AppData\Local\Programs\Python\Python313\Lib\site-packages\telebot\__init__.py", line 688, in __retrieve_updates
    updates = self.get_updates(offset=(self.last_update_id + 1),
                               allowed_updates=allowed_updates,
                               timeout=timeout, long_polling_timeout=long_polling_timeout)
  File "C:\Users\Asus\AppData\Local\Programs\Python\Python313\Lib\site-packages\telebot\__init__.py", line 660, in get_updates
    json_updates = apihelper.get_updates(
        self.token, offset=offset, limit=limit, timeout=timeout, allowed_updates=allowed_updates,
        long_polling_timeout=long_polling_timeout)
  File "C:\Users\Asus\AppData\Local\Programs\Python\Python313\Lib\site-packages\telebot\apihelper.py", line 339, in get_updates
    return _make_request(token, method_url, params=payload)
  File "C:\Users\Asus\AppData\Local\Programs\Python\Python313\Lib\site-packages\telebot\apihelper.py", line 168, in _make_request
    json_result = _check_result(method_name, result)
  File "C:\Users\Asus\AppData\Local\Programs\Python\Python313\Lib\site-packages\telebot\apihelper.py", line 197, in _check_result
    raise ApiTelegramException(method_name, result, result_json)
telebot.apihelper.ApiTelegramException: A request to the Telegram API was unsuccessful. Error code: 409. Description: Conflict: terminated by other getUpdates request; make sure that only one bot instance is running

2025-10-27 01:29:03,281 - TeleBot - ERROR - Threaded polling exception: A request to the Telegram API was unsuccessful. Error code: 409. Description: Conflict: terminated by other getUpdates request; make sure that only one bot instance is running
2025-10-27 01:29:03,283 - TeleBot - ERROR - Exception traceback:
Traceback (most recent call last):
  File "C:\Users\Asus\AppData\Local\Programs\Python\Python313\Lib\site-packages\telebot\__init__.py", line 1234, in __threaded_polling
    polling_thread.raise_exceptions()
    ~~~~~~~~~~~~~~~~~~~~~~~~~~~~~~~^^
  File "C:\Users\Asus\AppData\Local\Programs\Python\Python313\Lib\site-packages\telebot\util.py", line 115, in raise_exceptions
    raise self.exception_info
  File "C:\Users\Asus\AppData\Local\Programs\Python\Python313\Lib\site-packages\telebot\util.py", line 97, in run
    task(*args, **kwargs)
    ~~~~^^^^^^^^^^^^^^^^^
  File "C:\Users\Asus\AppData\Local\Programs\Python\Python313\Lib\site-packages\telebot\__init__.py", line 688, in __retrieve_updates
    updates = self.get_updates(offset=(self.last_update_id + 1),
                               allowed_updates=allowed_updates,
                               timeout=timeout, long_polling_timeout=long_polling_timeout)
  File "C:\Users\Asus\AppData\Local\Programs\Python\Python313\Lib\site-packages\telebot\__init__.py", line 660, in get_updates
    json_updates = apihelper.get_updates(
        self.token, offset=offset, limit=limit, timeout=timeout, allowed_updates=allowed_updates,
        long_polling_timeout=long_polling_timeout)
  File "C:\Users\Asus\AppData\Local\Programs\Python\Python313\Lib\site-packages\telebot\apihelper.py", line 339, in get_updates
    return _make_request(token, method_url, params=payload)
  File "C:\Users\Asus\AppData\Local\Programs\Python\Python313\Lib\site-packages\telebot\apihelper.py", line 168, in _make_request
    json_result = _check_result(method_name, result)
  File "C:\Users\Asus\AppData\Local\Programs\Python\Python313\Lib\site-packages\telebot\apihelper.py", line 197, in _check_result
    raise ApiTelegramException(method_name, result, result_json)
telebot.apihelper.ApiTelegramException: A request to the Telegram API was unsuccessful. Error code: 409. Description: Conflict: terminated by other getUpdates request; make sure that only one bot instance is running

2025-10-27 01:29:35,573 - TeleBot - ERROR - Threaded polling exception: A request to the Telegram API was unsuccessful. Error code: 409. Description: Conflict: terminated by other getUpdates request; make sure that only one bot instance is running
2025-10-27 01:29:35,579 - TeleBot - ERROR - Exception traceback:
Traceback (most recent call last):
  File "C:\Users\Asus\AppData\Local\Programs\Python\Python313\Lib\site-packages\telebot\__init__.py", line 1234, in __threaded_polling
    polling_thread.raise_exceptions()
    ~~~~~~~~~~~~~~~~~~~~~~~~~~~~~~~^^
  File "C:\Users\Asus\AppData\Local\Programs\Python\Python313\Lib\site-packages\telebot\util.py", line 115, in raise_exceptions
    raise self.exception_info
  File "C:\Users\Asus\AppData\Local\Programs\Python\Python313\Lib\site-packages\telebot\util.py", line 97, in run
    task(*args, **kwargs)
    ~~~~^^^^^^^^^^^^^^^^^
  File "C:\Users\Asus\AppData\Local\Programs\Python\Python313\Lib\site-packages\telebot\__init__.py", line 688, in __retrieve_updates
    updates = self.get_updates(offset=(self.last_update_id + 1),
                               allowed_updates=allowed_updates,
                               timeout=timeout, long_polling_timeout=long_polling_timeout)
  File "C:\Users\Asus\AppData\Local\Programs\Python\Python313\Lib\site-packages\telebot\__init__.py", line 660, in get_updates
    json_updates = apihelper.get_updates(
        self.token, offset=offset, limit=limit, timeout=timeout, allowed_updates=allowed_updates,
        long_polling_timeout=long_polling_timeout)
  File "C:\Users\Asus\AppData\Local\Programs\Python\Python313\Lib\site-packages\telebot\apihelper.py", line 339, in get_updates
    return _make_request(token, method_url, params=payload)
  File "C:\Users\Asus\AppData\Local\Programs\Python\Python313\Lib\site-packages\telebot\apihelper.py", line 168, in _make_request
    json_result = _check_result(method_name, result)
  File "C:\Users\Asus\AppData\Local\Programs\Python\Python313\Lib\site-packages\telebot\apihelper.py", line 197, in _check_result
    raise ApiTelegramException(method_name, result, result_json)
telebot.apihelper.ApiTelegramException: A request to the Telegram API was unsuccessful. Error code: 409. Description: Conflict: terminated by other getUpdates request; make sure that only one bot instance is running

2025-10-27 01:29:39,097 - TeleBot - ERROR - Threaded polling exception: A request to the Telegram API was unsuccessful. Error code: 409. Description: Conflict: terminated by other getUpdates request; make sure that only one bot instance is running
2025-10-27 01:29:39,101 - TeleBot - ERROR - Exception traceback:
Traceback (most recent call last):
  File "C:\Users\Asus\AppData\Local\Programs\Python\Python313\Lib\site-packages\telebot\__init__.py", line 1234, in __threaded_polling
    polling_thread.raise_exceptions()
    ~~~~~~~~~~~~~~~~~~~~~~~~~~~~~~~^^
  File "C:\Users\Asus\AppData\Local\Programs\Python\Python313\Lib\site-packages\telebot\util.py", line 115, in raise_exceptions
    raise self.exception_info
  File "C:\Users\Asus\AppData\Local\Programs\Python\Python313\Lib\site-packages\telebot\util.py", line 97, in run
    task(*args, **kwargs)
    ~~~~^^^^^^^^^^^^^^^^^
  File "C:\Users\Asus\AppData\Local\Programs\Python\Python313\Lib\site-packages\telebot\__init__.py", line 688, in __retrieve_updates
    updates = self.get_updates(offset=(self.last_update_id + 1),
                               allowed_updates=allowed_updates,
                               timeout=timeout, long_polling_timeout=long_polling_timeout)
  File "C:\Users\Asus\AppData\Local\Programs\Python\Python313\Lib\site-packages\telebot\__init__.py", line 660, in get_updates
    json_updates = apihelper.get_updates(
        self.token, offset=offset, limit=limit, timeout=timeout, allowed_updates=allowed_updates,
        long_polling_timeout=long_polling_timeout)
  File "C:\Users\Asus\AppData\Local\Programs\Python\Python313\Lib\site-packages\telebot\apihelper.py", line 339, in get_updates
    return _make_request(token, method_url, params=payload)
  File "C:\Users\Asus\AppData\Local\Programs\Python\Python313\Lib\site-packages\telebot\apihelper.py", line 168, in _make_request
    json_result = _check_result(method_name, result)
  File "C:\Users\Asus\AppData\Local\Programs\Python\Python313\Lib\site-packages\telebot\apihelper.py", line 197, in _check_result
    raise ApiTelegramException(method_name, result, result_json)
telebot.apihelper.ApiTelegramException: A request to the Telegram API was unsuccessful. Error code: 409. Description: Conflict: terminated by other getUpdates request; make sure that only one bot instance is running

2025-10-27 01:32:16,250 - database - INFO - Database initialized successfully
2025-10-27 01:32:16,251 - bot - INFO - Bot initialized successfully
2025-10-27 01:32:16,251 - bot - INFO - Starting bot...
2025-10-27 01:40:43,006 - database - INFO - Database initialized successfully
2025-10-27 01:40:43,006 - bot - INFO - Bot initialized successfully
2025-10-27 01:40:43,007 - bot - INFO - Starting bot...
2025-10-27 01:40:45,534 - TeleBot - ERROR - Threaded polling exception: A request to the Telegram API was unsuccessful. Error code: 409. Description: Conflict: terminated by other getUpdates request; make sure that only one bot instance is running
2025-10-27 01:40:45,536 - TeleBot - ERROR - Exception traceback:
Traceback (most recent call last):
  File "C:\Users\Asus\AppData\Local\Programs\Python\Python313\Lib\site-packages\telebot\__init__.py", line 1234, in __threaded_polling
    polling_thread.raise_exceptions()
    ~~~~~~~~~~~~~~~~~~~~~~~~~~~~~~~^^
  File "C:\Users\Asus\AppData\Local\Programs\Python\Python313\Lib\site-packages\telebot\util.py", line 115, in raise_exceptions
    raise self.exception_info
  File "C:\Users\Asus\AppData\Local\Programs\Python\Python313\Lib\site-packages\telebot\util.py", line 97, in run
    task(*args, **kwargs)
    ~~~~^^^^^^^^^^^^^^^^^
  File "C:\Users\Asus\AppData\Local\Programs\Python\Python313\Lib\site-packages\telebot\__init__.py", line 688, in __retrieve_updates
    updates = self.get_updates(offset=(self.last_update_id + 1),
                               allowed_updates=allowed_updates,
                               timeout=timeout, long_polling_timeout=long_polling_timeout)
  File "C:\Users\Asus\AppData\Local\Programs\Python\Python313\Lib\site-packages\telebot\__init__.py", line 660, in get_updates
    json_updates = apihelper.get_updates(
        self.token, offset=offset, limit=limit, timeout=timeout, allowed_updates=allowed_updates,
        long_polling_timeout=long_polling_timeout)
  File "C:\Users\Asus\AppData\Local\Programs\Python\Python313\Lib\site-packages\telebot\apihelper.py", line 339, in get_updates
    return _make_request(token, method_url, params=payload)
  File "C:\Users\Asus\AppData\Local\Programs\Python\Python313\Lib\site-packages\telebot\apihelper.py", line 168, in _make_request
    json_result = _check_result(method_name, result)
  File "C:\Users\Asus\AppData\Local\Programs\Python\Python313\Lib\site-packages\telebot\apihelper.py", line 197, in _check_result
    raise ApiTelegramException(method_name, result, result_json)
telebot.apihelper.ApiTelegramException: A request to the Telegram API was unsuccessful. Error code: 409. Description: Conflict: terminated by other getUpdates request; make sure that only one bot instance is running

2025-10-27 01:40:49,098 - TeleBot - ERROR - Threaded polling exception: A request to the Telegram API was unsuccessful. Error code: 409. Description: Conflict: terminated by other getUpdates request; make sure that only one bot instance is running
2025-10-27 01:40:49,100 - TeleBot - ERROR - Exception traceback:
Traceback (most recent call last):
  File "C:\Users\Asus\AppData\Local\Programs\Python\Python313\Lib\site-packages\telebot\__init__.py", line 1234, in __threaded_polling
    polling_thread.raise_exceptions()
    ~~~~~~~~~~~~~~~~~~~~~~~~~~~~~~~^^
  File "C:\Users\Asus\AppData\Local\Programs\Python\Python313\Lib\site-packages\telebot\util.py", line 115, in raise_exceptions
    raise self.exception_info
  File "C:\Users\Asus\AppData\Local\Programs\Python\Python313\Lib\site-packages\telebot\util.py", line 97, in run
    task(*args, **kwargs)
    ~~~~^^^^^^^^^^^^^^^^^
  File "C:\Users\Asus\AppData\Local\Programs\Python\Python313\Lib\site-packages\telebot\__init__.py", line 688, in __retrieve_updates
    updates = self.get_updates(offset=(self.last_update_id + 1),
                               allowed_updates=allowed_updates,
                               timeout=timeout, long_polling_timeout=long_polling_timeout)
  File "C:\Users\Asus\AppData\Local\Programs\Python\Python313\Lib\site-packages\telebot\__init__.py", line 660, in get_updates
    json_updates = apihelper.get_updates(
        self.token, offset=offset, limit=limit, timeout=timeout, allowed_updates=allowed_updates,
        long_polling_timeout=long_polling_timeout)
  File "C:\Users\Asus\AppData\Local\Programs\Python\Python313\Lib\site-packages\telebot\apihelper.py", line 339, in get_updates
    return _make_request(token, method_url, params=payload)
  File "C:\Users\Asus\AppData\Local\Programs\Python\Python313\Lib\site-packages\telebot\apihelper.py", line 168, in _make_request
    json_result = _check_result(method_name, result)
  File "C:\Users\Asus\AppData\Local\Programs\Python\Python313\Lib\site-packages\telebot\apihelper.py", line 197, in _check_result
    raise ApiTelegramException(method_name, result, result_json)
telebot.apihelper.ApiTelegramException: A request to the Telegram API was unsuccessful. Error code: 409. Description: Conflict: terminated by other getUpdates request; make sure that only one bot instance is running

2025-10-27 01:40:50,001 - TeleBot - ERROR - Threaded polling exception: A request to the Telegram API was unsuccessful. Error code: 409. Description: Conflict: terminated by other getUpdates request; make sure that only one bot instance is running
2025-10-27 01:40:50,004 - TeleBot - ERROR - Exception traceback:
Traceback (most recent call last):
  File "C:\Users\Asus\AppData\Local\Programs\Python\Python313\Lib\site-packages\telebot\__init__.py", line 1234, in __threaded_polling
    polling_thread.raise_exceptions()
    ~~~~~~~~~~~~~~~~~~~~~~~~~~~~~~~^^
  File "C:\Users\Asus\AppData\Local\Programs\Python\Python313\Lib\site-packages\telebot\util.py", line 115, in raise_exceptions
    raise self.exception_info
  File "C:\Users\Asus\AppData\Local\Programs\Python\Python313\Lib\site-packages\telebot\util.py", line 97, in run
    task(*args, **kwargs)
    ~~~~^^^^^^^^^^^^^^^^^
  File "C:\Users\Asus\AppData\Local\Programs\Python\Python313\Lib\site-packages\telebot\__init__.py", line 688, in __retrieve_updates
    updates = self.get_updates(offset=(self.last_update_id + 1),
                               allowed_updates=allowed_updates,
                               timeout=timeout, long_polling_timeout=long_polling_timeout)
  File "C:\Users\Asus\AppData\Local\Programs\Python\Python313\Lib\site-packages\telebot\__init__.py", line 660, in get_updates
    json_updates = apihelper.get_updates(
        self.token, offset=offset, limit=limit, timeout=timeout, allowed_updates=allowed_updates,
        long_polling_timeout=long_polling_timeout)
  File "C:\Users\Asus\AppData\Local\Programs\Python\Python313\Lib\site-packages\telebot\apihelper.py", line 339, in get_updates
    return _make_request(token, method_url, params=payload)
  File "C:\Users\Asus\AppData\Local\Programs\Python\Python313\Lib\site-packages\telebot\apihelper.py", line 168, in _make_request
    json_result = _check_result(method_name, result)
  File "C:\Users\Asus\AppData\Local\Programs\Python\Python313\Lib\site-packages\telebot\apihelper.py", line 197, in _check_result
    raise ApiTelegramException(method_name, result, result_json)
telebot.apihelper.ApiTelegramException: A request to the Telegram API was unsuccessful. Error code: 409. Description: Conflict: terminated by other getUpdates request; make sure that only one bot instance is running

2025-10-27 01:40:53,785 - TeleBot - ERROR - Threaded polling exception: A request to the Telegram API was unsuccessful. Error code: 409. Description: Conflict: terminated by other getUpdates request; make sure that only one bot instance is running
2025-10-27 01:40:53,786 - TeleBot - ERROR - Exception traceback:
Traceback (most recent call last):
  File "C:\Users\Asus\AppData\Local\Programs\Python\Python313\Lib\site-packages\telebot\__init__.py", line 1234, in __threaded_polling
    polling_thread.raise_exceptions()
    ~~~~~~~~~~~~~~~~~~~~~~~~~~~~~~~^^
  File "C:\Users\Asus\AppData\Local\Programs\Python\Python313\Lib\site-packages\telebot\util.py", line 115, in raise_exceptions
    raise self.exception_info
  File "C:\Users\Asus\AppData\Local\Programs\Python\Python313\Lib\site-packages\telebot\util.py", line 97, in run
    task(*args, **kwargs)
    ~~~~^^^^^^^^^^^^^^^^^
  File "C:\Users\Asus\AppData\Local\Programs\Python\Python313\Lib\site-packages\telebot\__init__.py", line 688, in __retrieve_updates
    updates = self.get_updates(offset=(self.last_update_id + 1),
                               allowed_updates=allowed_updates,
                               timeout=timeout, long_polling_timeout=long_polling_timeout)
  File "C:\Users\Asus\AppData\Local\Programs\Python\Python313\Lib\site-packages\telebot\__init__.py", line 660, in get_updates
    json_updates = apihelper.get_updates(
        self.token, offset=offset, limit=limit, timeout=timeout, allowed_updates=allowed_updates,
        long_polling_timeout=long_polling_timeout)
  File "C:\Users\Asus\AppData\Local\Programs\Python\Python313\Lib\site-packages\telebot\apihelper.py", line 339, in get_updates
    return _make_request(token, method_url, params=payload)
  File "C:\Users\Asus\AppData\Local\Programs\Python\Python313\Lib\site-packages\telebot\apihelper.py", line 168, in _make_request
    json_result = _check_result(method_name, result)
  File "C:\Users\Asus\AppData\Local\Programs\Python\Python313\Lib\site-packages\telebot\apihelper.py", line 197, in _check_result
    raise ApiTelegramException(method_name, result, result_json)
telebot.apihelper.ApiTelegramException: A request to the Telegram API was unsuccessful. Error code: 409. Description: Conflict: terminated by other getUpdates request; make sure that only one bot instance is running

2025-10-27 01:40:54,554 - TeleBot - ERROR - Threaded polling exception: A request to the Telegram API was unsuccessful. Error code: 409. Description: Conflict: terminated by other getUpdates request; make sure that only one bot instance is running
2025-10-27 01:40:54,557 - TeleBot - ERROR - Exception traceback:
Traceback (most recent call last):
  File "C:\Users\Asus\AppData\Local\Programs\Python\Python313\Lib\site-packages\telebot\__init__.py", line 1234, in __threaded_polling
    polling_thread.raise_exceptions()
    ~~~~~~~~~~~~~~~~~~~~~~~~~~~~~~~^^
  File "C:\Users\Asus\AppData\Local\Programs\Python\Python313\Lib\site-packages\telebot\util.py", line 115, in raise_exceptions
    raise self.exception_info
  File "C:\Users\Asus\AppData\Local\Programs\Python\Python313\Lib\site-packages\telebot\util.py", line 97, in run
    task(*args, **kwargs)
    ~~~~^^^^^^^^^^^^^^^^^
  File "C:\Users\Asus\AppData\Local\Programs\Python\Python313\Lib\site-packages\telebot\__init__.py", line 688, in __retrieve_updates
    updates = self.get_updates(offset=(self.last_update_id + 1),
                               allowed_updates=allowed_updates,
                               timeout=timeout, long_polling_timeout=long_polling_timeout)
  File "C:\Users\Asus\AppData\Local\Programs\Python\Python313\Lib\site-packages\telebot\__init__.py", line 660, in get_updates
    json_updates = apihelper.get_updates(
        self.token, offset=offset, limit=limit, timeout=timeout, allowed_updates=allowed_updates,
        long_polling_timeout=long_polling_timeout)
  File "C:\Users\Asus\AppData\Local\Programs\Python\Python313\Lib\site-packages\telebot\apihelper.py", line 339, in get_updates
    return _make_request(token, method_url, params=payload)
  File "C:\Users\Asus\AppData\Local\Programs\Python\Python313\Lib\site-packages\telebot\apihelper.py", line 168, in _make_request
    json_result = _check_result(method_name, result)
  File "C:\Users\Asus\AppData\Local\Programs\Python\Python313\Lib\site-packages\telebot\apihelper.py", line 197, in _check_result
    raise ApiTelegramException(method_name, result, result_json)
telebot.apihelper.ApiTelegramException: A request to the Telegram API was unsuccessful. Error code: 409. Description: Conflict: terminated by other getUpdates request; make sure that only one bot instance is running

2025-10-27 01:40:58,839 - TeleBot - ERROR - Threaded polling exception: A request to the Telegram API was unsuccessful. Error code: 409. Description: Conflict: terminated by other getUpdates request; make sure that only one bot instance is running
2025-10-27 01:40:58,843 - TeleBot - ERROR - Exception traceback:
Traceback (most recent call last):
  File "C:\Users\Asus\AppData\Local\Programs\Python\Python313\Lib\site-packages\telebot\__init__.py", line 1234, in __threaded_polling
    polling_thread.raise_exceptions()
    ~~~~~~~~~~~~~~~~~~~~~~~~~~~~~~~^^
  File "C:\Users\Asus\AppData\Local\Programs\Python\Python313\Lib\site-packages\telebot\util.py", line 115, in raise_exceptions
    raise self.exception_info
  File "C:\Users\Asus\AppData\Local\Programs\Python\Python313\Lib\site-packages\telebot\util.py", line 97, in run
    task(*args, **kwargs)
    ~~~~^^^^^^^^^^^^^^^^^
  File "C:\Users\Asus\AppData\Local\Programs\Python\Python313\Lib\site-packages\telebot\__init__.py", line 688, in __retrieve_updates
    updates = self.get_updates(offset=(self.last_update_id + 1),
                               allowed_updates=allowed_updates,
                               timeout=timeout, long_polling_timeout=long_polling_timeout)
  File "C:\Users\Asus\AppData\Local\Programs\Python\Python313\Lib\site-packages\telebot\__init__.py", line 660, in get_updates
    json_updates = apihelper.get_updates(
        self.token, offset=offset, limit=limit, timeout=timeout, allowed_updates=allowed_updates,
        long_polling_timeout=long_polling_timeout)
  File "C:\Users\Asus\AppData\Local\Programs\Python\Python313\Lib\site-packages\telebot\apihelper.py", line 339, in get_updates
    return _make_request(token, method_url, params=payload)
  File "C:\Users\Asus\AppData\Local\Programs\Python\Python313\Lib\site-packages\telebot\apihelper.py", line 168, in _make_request
    json_result = _check_result(method_name, result)
  File "C:\Users\Asus\AppData\Local\Programs\Python\Python313\Lib\site-packages\telebot\apihelper.py", line 197, in _check_result
    raise ApiTelegramException(method_name, result, result_json)
telebot.apihelper.ApiTelegramException: A request to the Telegram API was unsuccessful. Error code: 409. Description: Conflict: terminated by other getUpdates request; make sure that only one bot instance is running

2025-10-27 01:41:00,111 - TeleBot - ERROR - Threaded polling exception: A request to the Telegram API was unsuccessful. Error code: 409. Description: Conflict: terminated by other getUpdates request; make sure that only one bot instance is running
2025-10-27 01:41:00,116 - TeleBot - ERROR - Exception traceback:
Traceback (most recent call last):
  File "C:\Users\Asus\AppData\Local\Programs\Python\Python313\Lib\site-packages\telebot\__init__.py", line 1234, in __threaded_polling
    polling_thread.raise_exceptions()
    ~~~~~~~~~~~~~~~~~~~~~~~~~~~~~~~^^
  File "C:\Users\Asus\AppData\Local\Programs\Python\Python313\Lib\site-packages\telebot\util.py", line 115, in raise_exceptions
    raise self.exception_info
  File "C:\Users\Asus\AppData\Local\Programs\Python\Python313\Lib\site-packages\telebot\util.py", line 97, in run
    task(*args, **kwargs)
    ~~~~^^^^^^^^^^^^^^^^^
  File "C:\Users\Asus\AppData\Local\Programs\Python\Python313\Lib\site-packages\telebot\__init__.py", line 688, in __retrieve_updates
    updates = self.get_updates(offset=(self.last_update_id + 1),
                               allowed_updates=allowed_updates,
                               timeout=timeout, long_polling_timeout=long_polling_timeout)
  File "C:\Users\Asus\AppData\Local\Programs\Python\Python313\Lib\site-packages\telebot\__init__.py", line 660, in get_updates
    json_updates = apihelper.get_updates(
        self.token, offset=offset, limit=limit, timeout=timeout, allowed_updates=allowed_updates,
        long_polling_timeout=long_polling_timeout)
  File "C:\Users\Asus\AppData\Local\Programs\Python\Python313\Lib\site-packages\telebot\apihelper.py", line 339, in get_updates
    return _make_request(token, method_url, params=payload)
  File "C:\Users\Asus\AppData\Local\Programs\Python\Python313\Lib\site-packages\telebot\apihelper.py", line 168, in _make_request
    json_result = _check_result(method_name, result)
  File "C:\Users\Asus\AppData\Local\Programs\Python\Python313\Lib\site-packages\telebot\apihelper.py", line 197, in _check_result
    raise ApiTelegramException(method_name, result, result_json)
telebot.apihelper.ApiTelegramException: A request to the Telegram API was unsuccessful. Error code: 409. Description: Conflict: terminated by other getUpdates request; make sure that only one bot instance is running

2025-10-27 01:41:05,382 - TeleBot - ERROR - Threaded polling exception: A request to the Telegram API was unsuccessful. Error code: 409. Description: Conflict: terminated by other getUpdates request; make sure that only one bot instance is running
2025-10-27 01:41:05,384 - TeleBot - ERROR - Exception traceback:
Traceback (most recent call last):
  File "C:\Users\Asus\AppData\Local\Programs\Python\Python313\Lib\site-packages\telebot\__init__.py", line 1234, in __threaded_polling
    polling_thread.raise_exceptions()
    ~~~~~~~~~~~~~~~~~~~~~~~~~~~~~~~^^
  File "C:\Users\Asus\AppData\Local\Programs\Python\Python313\Lib\site-packages\telebot\util.py", line 115, in raise_exceptions
    raise self.exception_info
  File "C:\Users\Asus\AppData\Local\Programs\Python\Python313\Lib\site-packages\telebot\util.py", line 97, in run
    task(*args, **kwargs)
    ~~~~^^^^^^^^^^^^^^^^^
  File "C:\Users\Asus\AppData\Local\Programs\Python\Python313\Lib\site-packages\telebot\__init__.py", line 688, in __retrieve_updates
    updates = self.get_updates(offset=(self.last_update_id + 1),
                               allowed_updates=allowed_updates,
                               timeout=timeout, long_polling_timeout=long_polling_timeout)
  File "C:\Users\Asus\AppData\Local\Programs\Python\Python313\Lib\site-packages\telebot\__init__.py", line 660, in get_updates
    json_updates = apihelper.get_updates(
        self.token, offset=offset, limit=limit, timeout=timeout, allowed_updates=allowed_updates,
        long_polling_timeout=long_polling_timeout)
  File "C:\Users\Asus\AppData\Local\Programs\Python\Python313\Lib\site-packages\telebot\apihelper.py", line 339, in get_updates
    return _make_request(token, method_url, params=payload)
  File "C:\Users\Asus\AppData\Local\Programs\Python\Python313\Lib\site-packages\telebot\apihelper.py", line 168, in _make_request
    json_result = _check_result(method_name, result)
  File "C:\Users\Asus\AppData\Local\Programs\Python\Python313\Lib\site-packages\telebot\apihelper.py", line 197, in _check_result
    raise ApiTelegramException(method_name, result, result_json)
telebot.apihelper.ApiTelegramException: A request to the Telegram API was unsuccessful. Error code: 409. Description: Conflict: terminated by other getUpdates request; make sure that only one bot instance is running

2025-10-27 01:41:07,649 - TeleBot - ERROR - Threaded polling exception: A request to the Telegram API was unsuccessful. Error code: 409. Description: Conflict: terminated by other getUpdates request; make sure that only one bot instance is running
2025-10-27 01:41:07,651 - TeleBot - ERROR - Exception traceback:
Traceback (most recent call last):
  File "C:\Users\Asus\AppData\Local\Programs\Python\Python313\Lib\site-packages\telebot\__init__.py", line 1234, in __threaded_polling
    polling_thread.raise_exceptions()
    ~~~~~~~~~~~~~~~~~~~~~~~~~~~~~~~^^
  File "C:\Users\Asus\AppData\Local\Programs\Python\Python313\Lib\site-packages\telebot\util.py", line 115, in raise_exceptions
    raise self.exception_info
  File "C:\Users\Asus\AppData\Local\Programs\Python\Python313\Lib\site-packages\telebot\util.py", line 97, in run
    task(*args, **kwargs)
    ~~~~^^^^^^^^^^^^^^^^^
  File "C:\Users\Asus\AppData\Local\Programs\Python\Python313\Lib\site-packages\telebot\__init__.py", line 688, in __retrieve_updates
    updates = self.get_updates(offset=(self.last_update_id + 1),
                               allowed_updates=allowed_updates,
                               timeout=timeout, long_polling_timeout=long_polling_timeout)
  File "C:\Users\Asus\AppData\Local\Programs\Python\Python313\Lib\site-packages\telebot\__init__.py", line 660, in get_updates
    json_updates = apihelper.get_updates(
        self.token, offset=offset, limit=limit, timeout=timeout, allowed_updates=allowed_updates,
        long_polling_timeout=long_polling_timeout)
  File "C:\Users\Asus\AppData\Local\Programs\Python\Python313\Lib\site-packages\telebot\apihelper.py", line 339, in get_updates
    return _make_request(token, method_url, params=payload)
  File "C:\Users\Asus\AppData\Local\Programs\Python\Python313\Lib\site-packages\telebot\apihelper.py", line 168, in _make_request
    json_result = _check_result(method_name, result)
  File "C:\Users\Asus\AppData\Local\Programs\Python\Python313\Lib\site-packages\telebot\apihelper.py", line 197, in _check_result
    raise ApiTelegramException(method_name, result, result_json)
telebot.apihelper.ApiTelegramException: A request to the Telegram API was unsuccessful. Error code: 409. Description: Conflict: terminated by other getUpdates request; make sure that only one bot instance is running

2025-10-27 01:41:29,827 - database - INFO - Database initialized successfully
2025-10-27 01:41:29,829 - bot - INFO - Bot initialized successfully
2025-10-27 01:41:29,829 - bot - INFO - Starting bot...
2025-10-27 01:51:16,929 - database - INFO - Database initialized successfully
2025-10-27 01:51:16,930 - bot - INFO - Bot initialized successfully
2025-10-27 01:51:16,930 - bot - INFO - Starting bot...
2025-10-27 02:02:49,069 - database - INFO - Database initialized successfully
2025-10-27 02:02:49,069 - bot - INFO - Bot initialized successfully
2025-10-27 02:02:49,070 - bot - INFO - Starting bot...
2025-10-27 02:04:18,711 - bot - ERROR - Error sending music file: A request to the Telegram API was unsuccessful. Error code: 400. Description: Bad Request: wrong remote file identifier specified: can't unserialize it. Wrong last symbol
2025-10-27 02:13:06,166 - database - INFO - Database initialized successfully
2025-10-27 02:13:06,167 - bot - INFO - Bot initialized successfully
2025-10-27 02:13:06,167 - bot - INFO - Starting bot...
2025-10-27 02:13:09,267 - TeleBot - ERROR - Threaded polling exception: A request to the Telegram API was unsuccessful. Error code: 409. Description: Conflict: terminated by other getUpdates request; make sure that only one bot instance is running
2025-10-27 02:13:09,269 - TeleBot - ERROR - Exception traceback:
Traceback (most recent call last):
  File "C:\Users\Asus\AppData\Local\Programs\Python\Python313\Lib\site-packages\telebot\__init__.py", line 1234, in __threaded_polling
    polling_thread.raise_exceptions()
    ~~~~~~~~~~~~~~~~~~~~~~~~~~~~~~~^^
  File "C:\Users\Asus\AppData\Local\Programs\Python\Python313\Lib\site-packages\telebot\util.py", line 115, in raise_exceptions
    raise self.exception_info
  File "C:\Users\Asus\AppData\Local\Programs\Python\Python313\Lib\site-packages\telebot\util.py", line 97, in run
    task(*args, **kwargs)
    ~~~~^^^^^^^^^^^^^^^^^
  File "C:\Users\Asus\AppData\Local\Programs\Python\Python313\Lib\site-packages\telebot\__init__.py", line 688, in __retrieve_updates
    updates = self.get_updates(offset=(self.last_update_id + 1),
                               allowed_updates=allowed_updates,
                               timeout=timeout, long_polling_timeout=long_polling_timeout)
  File "C:\Users\Asus\AppData\Local\Programs\Python\Python313\Lib\site-packages\telebot\__init__.py", line 660, in get_updates
    json_updates = apihelper.get_updates(
        self.token, offset=offset, limit=limit, timeout=timeout, allowed_updates=allowed_updates,
        long_polling_timeout=long_polling_timeout)
  File "C:\Users\Asus\AppData\Local\Programs\Python\Python313\Lib\site-packages\telebot\apihelper.py", line 339, in get_updates
    return _make_request(token, method_url, params=payload)
  File "C:\Users\Asus\AppData\Local\Programs\Python\Python313\Lib\site-packages\telebot\apihelper.py", line 168, in _make_request
    json_result = _check_result(method_name, result)
  File "C:\Users\Asus\AppData\Local\Programs\Python\Python313\Lib\site-packages\telebot\apihelper.py", line 197, in _check_result
    raise ApiTelegramException(method_name, result, result_json)
telebot.apihelper.ApiTelegramException: A request to the Telegram API was unsuccessful. Error code: 409. Description: Conflict: terminated by other getUpdates request; make sure that only one bot instance is running

2025-10-27 02:13:12,812 - TeleBot - ERROR - Threaded polling exception: A request to the Telegram API was unsuccessful. Error code: 409. Description: Conflict: terminated by other getUpdates request; make sure that only one bot instance is running
2025-10-27 02:13:12,814 - TeleBot - ERROR - Exception traceback:
Traceback (most recent call last):
  File "C:\Users\Asus\AppData\Local\Programs\Python\Python313\Lib\site-packages\telebot\__init__.py", line 1234, in __threaded_polling
    polling_thread.raise_exceptions()
    ~~~~~~~~~~~~~~~~~~~~~~~~~~~~~~~^^
  File "C:\Users\Asus\AppData\Local\Programs\Python\Python313\Lib\site-packages\telebot\util.py", line 115, in raise_exceptions
    raise self.exception_info
  File "C:\Users\Asus\AppData\Local\Programs\Python\Python313\Lib\site-packages\telebot\util.py", line 97, in run
    task(*args, **kwargs)
    ~~~~^^^^^^^^^^^^^^^^^
  File "C:\Users\Asus\AppData\Local\Programs\Python\Python313\Lib\site-packages\telebot\__init__.py", line 688, in __retrieve_updates
    updates = self.get_updates(offset=(self.last_update_id + 1),
                               allowed_updates=allowed_updates,
                               timeout=timeout, long_polling_timeout=long_polling_timeout)
  File "C:\Users\Asus\AppData\Local\Programs\Python\Python313\Lib\site-packages\telebot\__init__.py", line 660, in get_updates
    json_updates = apihelper.get_updates(
        self.token, offset=offset, limit=limit, timeout=timeout, allowed_updates=allowed_updates,
        long_polling_timeout=long_polling_timeout)
  File "C:\Users\Asus\AppData\Local\Programs\Python\Python313\Lib\site-packages\telebot\apihelper.py", line 339, in get_updates
    return _make_request(token, method_url, params=payload)
  File "C:\Users\Asus\AppData\Local\Programs\Python\Python313\Lib\site-packages\telebot\apihelper.py", line 168, in _make_request
    json_result = _check_result(method_name, result)
  File "C:\Users\Asus\AppData\Local\Programs\Python\Python313\Lib\site-packages\telebot\apihelper.py", line 197, in _check_result
    raise ApiTelegramException(method_name, result, result_json)
telebot.apihelper.ApiTelegramException: A request to the Telegram API was unsuccessful. Error code: 409. Description: Conflict: terminated by other getUpdates request; make sure that only one bot instance is running

2025-10-27 02:13:13,330 - TeleBot - ERROR - Threaded polling exception: A request to the Telegram API was unsuccessful. Error code: 409. Description: Conflict: terminated by other getUpdates request; make sure that only one bot instance is running
2025-10-27 02:13:13,332 - TeleBot - ERROR - Exception traceback:
Traceback (most recent call last):
  File "C:\Users\Asus\AppData\Local\Programs\Python\Python313\Lib\site-packages\telebot\__init__.py", line 1234, in __threaded_polling
    polling_thread.raise_exceptions()
    ~~~~~~~~~~~~~~~~~~~~~~~~~~~~~~~^^
  File "C:\Users\Asus\AppData\Local\Programs\Python\Python313\Lib\site-packages\telebot\util.py", line 115, in raise_exceptions
    raise self.exception_info
  File "C:\Users\Asus\AppData\Local\Programs\Python\Python313\Lib\site-packages\telebot\util.py", line 97, in run
    task(*args, **kwargs)
    ~~~~^^^^^^^^^^^^^^^^^
  File "C:\Users\Asus\AppData\Local\Programs\Python\Python313\Lib\site-packages\telebot\__init__.py", line 688, in __retrieve_updates
    updates = self.get_updates(offset=(self.last_update_id + 1),
                               allowed_updates=allowed_updates,
                               timeout=timeout, long_polling_timeout=long_polling_timeout)
  File "C:\Users\Asus\AppData\Local\Programs\Python\Python313\Lib\site-packages\telebot\__init__.py", line 660, in get_updates
    json_updates = apihelper.get_updates(
        self.token, offset=offset, limit=limit, timeout=timeout, allowed_updates=allowed_updates,
        long_polling_timeout=long_polling_timeout)
  File "C:\Users\Asus\AppData\Local\Programs\Python\Python313\Lib\site-packages\telebot\apihelper.py", line 339, in get_updates
    return _make_request(token, method_url, params=payload)
  File "C:\Users\Asus\AppData\Local\Programs\Python\Python313\Lib\site-packages\telebot\apihelper.py", line 168, in _make_request
    json_result = _check_result(method_name, result)
  File "C:\Users\Asus\AppData\Local\Programs\Python\Python313\Lib\site-packages\telebot\apihelper.py", line 197, in _check_result
    raise ApiTelegramException(method_name, result, result_json)
telebot.apihelper.ApiTelegramException: A request to the Telegram API was unsuccessful. Error code: 409. Description: Conflict: terminated by other getUpdates request; make sure that only one bot instance is running

2025-10-27 02:13:16,854 - TeleBot - ERROR - Threaded polling exception: A request to the Telegram API was unsuccessful. Error code: 409. Description: Conflict: terminated by other getUpdates request; make sure that only one bot instance is running
2025-10-27 02:13:16,856 - TeleBot - ERROR - Exception traceback:
Traceback (most recent call last):
  File "C:\Users\Asus\AppData\Local\Programs\Python\Python313\Lib\site-packages\telebot\__init__.py", line 1234, in __threaded_polling
    polling_thread.raise_exceptions()
    ~~~~~~~~~~~~~~~~~~~~~~~~~~~~~~~^^
  File "C:\Users\Asus\AppData\Local\Programs\Python\Python313\Lib\site-packages\telebot\util.py", line 115, in raise_exceptions
    raise self.exception_info
  File "C:\Users\Asus\AppData\Local\Programs\Python\Python313\Lib\site-packages\telebot\util.py", line 97, in run
    task(*args, **kwargs)
    ~~~~^^^^^^^^^^^^^^^^^
  File "C:\Users\Asus\AppData\Local\Programs\Python\Python313\Lib\site-packages\telebot\__init__.py", line 688, in __retrieve_updates
    updates = self.get_updates(offset=(self.last_update_id + 1),
                               allowed_updates=allowed_updates,
                               timeout=timeout, long_polling_timeout=long_polling_timeout)
  File "C:\Users\Asus\AppData\Local\Programs\Python\Python313\Lib\site-packages\telebot\__init__.py", line 660, in get_updates
    json_updates = apihelper.get_updates(
        self.token, offset=offset, limit=limit, timeout=timeout, allowed_updates=allowed_updates,
        long_polling_timeout=long_polling_timeout)
  File "C:\Users\Asus\AppData\Local\Programs\Python\Python313\Lib\site-packages\telebot\apihelper.py", line 339, in get_updates
    return _make_request(token, method_url, params=payload)
  File "C:\Users\Asus\AppData\Local\Programs\Python\Python313\Lib\site-packages\telebot\apihelper.py", line 168, in _make_request
    json_result = _check_result(method_name, result)
  File "C:\Users\Asus\AppData\Local\Programs\Python\Python313\Lib\site-packages\telebot\apihelper.py", line 197, in _check_result
    raise ApiTelegramException(method_name, result, result_json)
telebot.apihelper.ApiTelegramException: A request to the Telegram API was unsuccessful. Error code: 409. Description: Conflict: terminated by other getUpdates request; make sure that only one bot instance is running

2025-10-27 02:13:17,650 - TeleBot - ERROR - Threaded polling exception: A request to the Telegram API was unsuccessful. Error code: 409. Description: Conflict: terminated by other getUpdates request; make sure that only one bot instance is running
2025-10-27 02:13:17,652 - TeleBot - ERROR - Exception traceback:
Traceback (most recent call last):
  File "C:\Users\Asus\AppData\Local\Programs\Python\Python313\Lib\site-packages\telebot\__init__.py", line 1234, in __threaded_polling
    polling_thread.raise_exceptions()
    ~~~~~~~~~~~~~~~~~~~~~~~~~~~~~~~^^
  File "C:\Users\Asus\AppData\Local\Programs\Python\Python313\Lib\site-packages\telebot\util.py", line 115, in raise_exceptions
    raise self.exception_info
  File "C:\Users\Asus\AppData\Local\Programs\Python\Python313\Lib\site-packages\telebot\util.py", line 97, in run
    task(*args, **kwargs)
    ~~~~^^^^^^^^^^^^^^^^^
  File "C:\Users\Asus\AppData\Local\Programs\Python\Python313\Lib\site-packages\telebot\__init__.py", line 688, in __retrieve_updates
    updates = self.get_updates(offset=(self.last_update_id + 1),
                               allowed_updates=allowed_updates,
                               timeout=timeout, long_polling_timeout=long_polling_timeout)
  File "C:\Users\Asus\AppData\Local\Programs\Python\Python313\Lib\site-packages\telebot\__init__.py", line 660, in get_updates
    json_updates = apihelper.get_updates(
        self.token, offset=offset, limit=limit, timeout=timeout, allowed_updates=allowed_updates,
        long_polling_timeout=long_polling_timeout)
  File "C:\Users\Asus\AppData\Local\Programs\Python\Python313\Lib\site-packages\telebot\apihelper.py", line 339, in get_updates
    return _make_request(token, method_url, params=payload)
  File "C:\Users\Asus\AppData\Local\Programs\Python\Python313\Lib\site-packages\telebot\apihelper.py", line 168, in _make_request
    json_result = _check_result(method_name, result)
  File "C:\Users\Asus\AppData\Local\Programs\Python\Python313\Lib\site-packages\telebot\apihelper.py", line 197, in _check_result
    raise ApiTelegramException(method_name, result, result_json)
telebot.apihelper.ApiTelegramException: A request to the Telegram API was unsuccessful. Error code: 409. Description: Conflict: terminated by other getUpdates request; make sure that only one bot instance is running

2025-10-27 02:13:21,440 - TeleBot - ERROR - Threaded polling exception: A request to the Telegram API was unsuccessful. Error code: 409. Description: Conflict: terminated by other getUpdates request; make sure that only one bot instance is running
2025-10-27 02:13:21,442 - TeleBot - ERROR - Exception traceback:
Traceback (most recent call last):
  File "C:\Users\Asus\AppData\Local\Programs\Python\Python313\Lib\site-packages\telebot\__init__.py", line 1234, in __threaded_polling
    polling_thread.raise_exceptions()
    ~~~~~~~~~~~~~~~~~~~~~~~~~~~~~~~^^
  File "C:\Users\Asus\AppData\Local\Programs\Python\Python313\Lib\site-packages\telebot\util.py", line 115, in raise_exceptions
    raise self.exception_info
  File "C:\Users\Asus\AppData\Local\Programs\Python\Python313\Lib\site-packages\telebot\util.py", line 97, in run
    task(*args, **kwargs)
    ~~~~^^^^^^^^^^^^^^^^^
  File "C:\Users\Asus\AppData\Local\Programs\Python\Python313\Lib\site-packages\telebot\__init__.py", line 688, in __retrieve_updates
    updates = self.get_updates(offset=(self.last_update_id + 1),
                               allowed_updates=allowed_updates,
                               timeout=timeout, long_polling_timeout=long_polling_timeout)
  File "C:\Users\Asus\AppData\Local\Programs\Python\Python313\Lib\site-packages\telebot\__init__.py", line 660, in get_updates
    json_updates = apihelper.get_updates(
        self.token, offset=offset, limit=limit, timeout=timeout, allowed_updates=allowed_updates,
        long_polling_timeout=long_polling_timeout)
  File "C:\Users\Asus\AppData\Local\Programs\Python\Python313\Lib\site-packages\telebot\apihelper.py", line 339, in get_updates
    return _make_request(token, method_url, params=payload)
  File "C:\Users\Asus\AppData\Local\Programs\Python\Python313\Lib\site-packages\telebot\apihelper.py", line 168, in _make_request
    json_result = _check_result(method_name, result)
  File "C:\Users\Asus\AppData\Local\Programs\Python\Python313\Lib\site-packages\telebot\apihelper.py", line 197, in _check_result
    raise ApiTelegramException(method_name, result, result_json)
telebot.apihelper.ApiTelegramException: A request to the Telegram API was unsuccessful. Error code: 409. Description: Conflict: terminated by other getUpdates request; make sure that only one bot instance is running

2025-10-27 02:13:22,709 - TeleBot - ERROR - Threaded polling exception: A request to the Telegram API was unsuccessful. Error code: 409. Description: Conflict: terminated by other getUpdates request; make sure that only one bot instance is running
2025-10-27 02:13:22,711 - TeleBot - ERROR - Exception traceback:
Traceback (most recent call last):
  File "C:\Users\Asus\AppData\Local\Programs\Python\Python313\Lib\site-packages\telebot\__init__.py", line 1234, in __threaded_polling
    polling_thread.raise_exceptions()
    ~~~~~~~~~~~~~~~~~~~~~~~~~~~~~~~^^
  File "C:\Users\Asus\AppData\Local\Programs\Python\Python313\Lib\site-packages\telebot\util.py", line 115, in raise_exceptions
    raise self.exception_info
  File "C:\Users\Asus\AppData\Local\Programs\Python\Python313\Lib\site-packages\telebot\util.py", line 97, in run
    task(*args, **kwargs)
    ~~~~^^^^^^^^^^^^^^^^^
  File "C:\Users\Asus\AppData\Local\Programs\Python\Python313\Lib\site-packages\telebot\__init__.py", line 688, in __retrieve_updates
    updates = self.get_updates(offset=(self.last_update_id + 1),
                               allowed_updates=allowed_updates,
                               timeout=timeout, long_polling_timeout=long_polling_timeout)
  File "C:\Users\Asus\AppData\Local\Programs\Python\Python313\Lib\site-packages\telebot\__init__.py", line 660, in get_updates
    json_updates = apihelper.get_updates(
        self.token, offset=offset, limit=limit, timeout=timeout, allowed_updates=allowed_updates,
        long_polling_timeout=long_polling_timeout)
  File "C:\Users\Asus\AppData\Local\Programs\Python\Python313\Lib\site-packages\telebot\apihelper.py", line 339, in get_updates
    return _make_request(token, method_url, params=payload)
  File "C:\Users\Asus\AppData\Local\Programs\Python\Python313\Lib\site-packages\telebot\apihelper.py", line 168, in _make_request
    json_result = _check_result(method_name, result)
  File "C:\Users\Asus\AppData\Local\Programs\Python\Python313\Lib\site-packages\telebot\apihelper.py", line 197, in _check_result
    raise ApiTelegramException(method_name, result, result_json)
telebot.apihelper.ApiTelegramException: A request to the Telegram API was unsuccessful. Error code: 409. Description: Conflict: terminated by other getUpdates request; make sure that only one bot instance is running

2025-10-27 02:13:26,238 - TeleBot - ERROR - Threaded polling exception: A request to the Telegram API was unsuccessful. Error code: 409. Description: Conflict: terminated by other getUpdates request; make sure that only one bot instance is running
2025-10-27 02:13:26,240 - TeleBot - ERROR - Exception traceback:
Traceback (most recent call last):
  File "C:\Users\Asus\AppData\Local\Programs\Python\Python313\Lib\site-packages\telebot\__init__.py", line 1234, in __threaded_polling
    polling_thread.raise_exceptions()
    ~~~~~~~~~~~~~~~~~~~~~~~~~~~~~~~^^
  File "C:\Users\Asus\AppData\Local\Programs\Python\Python313\Lib\site-packages\telebot\util.py", line 115, in raise_exceptions
    raise self.exception_info
  File "C:\Users\Asus\AppData\Local\Programs\Python\Python313\Lib\site-packages\telebot\util.py", line 97, in run
    task(*args, **kwargs)
    ~~~~^^^^^^^^^^^^^^^^^
  File "C:\Users\Asus\AppData\Local\Programs\Python\Python313\Lib\site-packages\telebot\__init__.py", line 688, in __retrieve_updates
    updates = self.get_updates(offset=(self.last_update_id + 1),
                               allowed_updates=allowed_updates,
                               timeout=timeout, long_polling_timeout=long_polling_timeout)
  File "C:\Users\Asus\AppData\Local\Programs\Python\Python313\Lib\site-packages\telebot\__init__.py", line 660, in get_updates
    json_updates = apihelper.get_updates(
        self.token, offset=offset, limit=limit, timeout=timeout, allowed_updates=allowed_updates,
        long_polling_timeout=long_polling_timeout)
  File "C:\Users\Asus\AppData\Local\Programs\Python\Python313\Lib\site-packages\telebot\apihelper.py", line 339, in get_updates
    return _make_request(token, method_url, params=payload)
  File "C:\Users\Asus\AppData\Local\Programs\Python\Python313\Lib\site-packages\telebot\apihelper.py", line 168, in _make_request
    json_result = _check_result(method_name, result)
  File "C:\Users\Asus\AppData\Local\Programs\Python\Python313\Lib\site-packages\telebot\apihelper.py", line 197, in _check_result
    raise ApiTelegramException(method_name, result, result_json)
telebot.apihelper.ApiTelegramException: A request to the Telegram API was unsuccessful. Error code: 409. Description: Conflict: terminated by other getUpdates request; make sure that only one bot instance is running

2025-10-27 02:13:28,505 - TeleBot - ERROR - Threaded polling exception: A request to the Telegram API was unsuccessful. Error code: 409. Description: Conflict: terminated by other getUpdates request; make sure that only one bot instance is running
2025-10-27 02:13:28,508 - TeleBot - ERROR - Exception traceback:
Traceback (most recent call last):
  File "C:\Users\Asus\AppData\Local\Programs\Python\Python313\Lib\site-packages\telebot\__init__.py", line 1234, in __threaded_polling
    polling_thread.raise_exceptions()
    ~~~~~~~~~~~~~~~~~~~~~~~~~~~~~~~^^
  File "C:\Users\Asus\AppData\Local\Programs\Python\Python313\Lib\site-packages\telebot\util.py", line 115, in raise_exceptions
    raise self.exception_info
  File "C:\Users\Asus\AppData\Local\Programs\Python\Python313\Lib\site-packages\telebot\util.py", line 97, in run
    task(*args, **kwargs)
    ~~~~^^^^^^^^^^^^^^^^^
  File "C:\Users\Asus\AppData\Local\Programs\Python\Python313\Lib\site-packages\telebot\__init__.py", line 688, in __retrieve_updates
    updates = self.get_updates(offset=(self.last_update_id + 1),
                               allowed_updates=allowed_updates,
                               timeout=timeout, long_polling_timeout=long_polling_timeout)
  File "C:\Users\Asus\AppData\Local\Programs\Python\Python313\Lib\site-packages\telebot\__init__.py", line 660, in get_updates
    json_updates = apihelper.get_updates(
        self.token, offset=offset, limit=limit, timeout=timeout, allowed_updates=allowed_updates,
        long_polling_timeout=long_polling_timeout)
  File "C:\Users\Asus\AppData\Local\Programs\Python\Python313\Lib\site-packages\telebot\apihelper.py", line 339, in get_updates
    return _make_request(token, method_url, params=payload)
  File "C:\Users\Asus\AppData\Local\Programs\Python\Python313\Lib\site-packages\telebot\apihelper.py", line 168, in _make_request
    json_result = _check_result(method_name, result)
  File "C:\Users\Asus\AppData\Local\Programs\Python\Python313\Lib\site-packages\telebot\apihelper.py", line 197, in _check_result
    raise ApiTelegramException(method_name, result, result_json)
telebot.apihelper.ApiTelegramException: A request to the Telegram API was unsuccessful. Error code: 409. Description: Conflict: terminated by other getUpdates request; make sure that only one bot instance is running

2025-10-27 02:13:32,279 - TeleBot - ERROR - Threaded polling exception: A request to the Telegram API was unsuccessful. Error code: 409. Description: Conflict: terminated by other getUpdates request; make sure that only one bot instance is running
2025-10-27 02:13:32,281 - TeleBot - ERROR - Exception traceback:
Traceback (most recent call last):
  File "C:\Users\Asus\AppData\Local\Programs\Python\Python313\Lib\site-packages\telebot\__init__.py", line 1234, in __threaded_polling
    polling_thread.raise_exceptions()
    ~~~~~~~~~~~~~~~~~~~~~~~~~~~~~~~^^
  File "C:\Users\Asus\AppData\Local\Programs\Python\Python313\Lib\site-packages\telebot\util.py", line 115, in raise_exceptions
    raise self.exception_info
  File "C:\Users\Asus\AppData\Local\Programs\Python\Python313\Lib\site-packages\telebot\util.py", line 97, in run
    task(*args, **kwargs)
    ~~~~^^^^^^^^^^^^^^^^^
  File "C:\Users\Asus\AppData\Local\Programs\Python\Python313\Lib\site-packages\telebot\__init__.py", line 688, in __retrieve_updates
    updates = self.get_updates(offset=(self.last_update_id + 1),
                               allowed_updates=allowed_updates,
                               timeout=timeout, long_polling_timeout=long_polling_timeout)
  File "C:\Users\Asus\AppData\Local\Programs\Python\Python313\Lib\site-packages\telebot\__init__.py", line 660, in get_updates
    json_updates = apihelper.get_updates(
        self.token, offset=offset, limit=limit, timeout=timeout, allowed_updates=allowed_updates,
        long_polling_timeout=long_polling_timeout)
  File "C:\Users\Asus\AppData\Local\Programs\Python\Python313\Lib\site-packages\telebot\apihelper.py", line 339, in get_updates
    return _make_request(token, method_url, params=payload)
  File "C:\Users\Asus\AppData\Local\Programs\Python\Python313\Lib\site-packages\telebot\apihelper.py", line 168, in _make_request
    json_result = _check_result(method_name, result)
  File "C:\Users\Asus\AppData\Local\Programs\Python\Python313\Lib\site-packages\telebot\apihelper.py", line 197, in _check_result
    raise ApiTelegramException(method_name, result, result_json)
telebot.apihelper.ApiTelegramException: A request to the Telegram API was unsuccessful. Error code: 409. Description: Conflict: terminated by other getUpdates request; make sure that only one bot instance is running

2025-10-27 02:13:36,932 - TeleBot - ERROR - Threaded polling exception: A request to the Telegram API was unsuccessful. Error code: 409. Description: Conflict: terminated by other getUpdates request; make sure that only one bot instance is running
2025-10-27 02:13:36,934 - TeleBot - ERROR - Exception traceback:
Traceback (most recent call last):
  File "C:\Users\Asus\AppData\Local\Programs\Python\Python313\Lib\site-packages\telebot\__init__.py", line 1234, in __threaded_polling
    polling_thread.raise_exceptions()
    ~~~~~~~~~~~~~~~~~~~~~~~~~~~~~~~^^
  File "C:\Users\Asus\AppData\Local\Programs\Python\Python313\Lib\site-packages\telebot\util.py", line 115, in raise_exceptions
    raise self.exception_info
  File "C:\Users\Asus\AppData\Local\Programs\Python\Python313\Lib\site-packages\telebot\util.py", line 97, in run
    task(*args, **kwargs)
    ~~~~^^^^^^^^^^^^^^^^^
  File "C:\Users\Asus\AppData\Local\Programs\Python\Python313\Lib\site-packages\telebot\__init__.py", line 688, in __retrieve_updates
    updates = self.get_updates(offset=(self.last_update_id + 1),
                               allowed_updates=allowed_updates,
                               timeout=timeout, long_polling_timeout=long_polling_timeout)
  File "C:\Users\Asus\AppData\Local\Programs\Python\Python313\Lib\site-packages\telebot\__init__.py", line 660, in get_updates
    json_updates = apihelper.get_updates(
        self.token, offset=offset, limit=limit, timeout=timeout, allowed_updates=allowed_updates,
        long_polling_timeout=long_polling_timeout)
  File "C:\Users\Asus\AppData\Local\Programs\Python\Python313\Lib\site-packages\telebot\apihelper.py", line 339, in get_updates
    return _make_request(token, method_url, params=payload)
  File "C:\Users\Asus\AppData\Local\Programs\Python\Python313\Lib\site-packages\telebot\apihelper.py", line 168, in _make_request
    json_result = _check_result(method_name, result)
  File "C:\Users\Asus\AppData\Local\Programs\Python\Python313\Lib\site-packages\telebot\apihelper.py", line 197, in _check_result
    raise ApiTelegramException(method_name, result, result_json)
telebot.apihelper.ApiTelegramException: A request to the Telegram API was unsuccessful. Error code: 409. Description: Conflict: terminated by other getUpdates request; make sure that only one bot instance is running

2025-10-27 02:13:41,863 - TeleBot - ERROR - Threaded polling exception: A request to the Telegram API was unsuccessful. Error code: 409. Description: Conflict: terminated by other getUpdates request; make sure that only one bot instance is running
2025-10-27 02:13:41,864 - TeleBot - ERROR - Exception traceback:
Traceback (most recent call last):
  File "C:\Users\Asus\AppData\Local\Programs\Python\Python313\Lib\site-packages\telebot\__init__.py", line 1234, in __threaded_polling
    polling_thread.raise_exceptions()
    ~~~~~~~~~~~~~~~~~~~~~~~~~~~~~~~^^
  File "C:\Users\Asus\AppData\Local\Programs\Python\Python313\Lib\site-packages\telebot\util.py", line 115, in raise_exceptions
    raise self.exception_info
  File "C:\Users\Asus\AppData\Local\Programs\Python\Python313\Lib\site-packages\telebot\util.py", line 97, in run
    task(*args, **kwargs)
    ~~~~^^^^^^^^^^^^^^^^^
  File "C:\Users\Asus\AppData\Local\Programs\Python\Python313\Lib\site-packages\telebot\__init__.py", line 688, in __retrieve_updates
    updates = self.get_updates(offset=(self.last_update_id + 1),
                               allowed_updates=allowed_updates,
                               timeout=timeout, long_polling_timeout=long_polling_timeout)
  File "C:\Users\Asus\AppData\Local\Programs\Python\Python313\Lib\site-packages\telebot\__init__.py", line 660, in get_updates
    json_updates = apihelper.get_updates(
        self.token, offset=offset, limit=limit, timeout=timeout, allowed_updates=allowed_updates,
        long_polling_timeout=long_polling_timeout)
  File "C:\Users\Asus\AppData\Local\Programs\Python\Python313\Lib\site-packages\telebot\apihelper.py", line 339, in get_updates
    return _make_request(token, method_url, params=payload)
  File "C:\Users\Asus\AppData\Local\Programs\Python\Python313\Lib\site-packages\telebot\apihelper.py", line 168, in _make_request
    json_result = _check_result(method_name, result)
  File "C:\Users\Asus\AppData\Local\Programs\Python\Python313\Lib\site-packages\telebot\apihelper.py", line 197, in _check_result
    raise ApiTelegramException(method_name, result, result_json)
telebot.apihelper.ApiTelegramException: A request to the Telegram API was unsuccessful. Error code: 409. Description: Conflict: terminated by other getUpdates request; make sure that only one bot instance is running

2025-10-27 02:13:50,583 - TeleBot - ERROR - Threaded polling exception: A request to the Telegram API was unsuccessful. Error code: 409. Description: Conflict: terminated by other getUpdates request; make sure that only one bot instance is running
2025-10-27 02:13:50,588 - TeleBot - ERROR - Exception traceback:
Traceback (most recent call last):
  File "C:\Users\Asus\AppData\Local\Programs\Python\Python313\Lib\site-packages\telebot\__init__.py", line 1234, in __threaded_polling
    polling_thread.raise_exceptions()
    ~~~~~~~~~~~~~~~~~~~~~~~~~~~~~~~^^
  File "C:\Users\Asus\AppData\Local\Programs\Python\Python313\Lib\site-packages\telebot\util.py", line 115, in raise_exceptions
    raise self.exception_info
  File "C:\Users\Asus\AppData\Local\Programs\Python\Python313\Lib\site-packages\telebot\util.py", line 97, in run
    task(*args, **kwargs)
    ~~~~^^^^^^^^^^^^^^^^^
  File "C:\Users\Asus\AppData\Local\Programs\Python\Python313\Lib\site-packages\telebot\__init__.py", line 688, in __retrieve_updates
    updates = self.get_updates(offset=(self.last_update_id + 1),
                               allowed_updates=allowed_updates,
                               timeout=timeout, long_polling_timeout=long_polling_timeout)
  File "C:\Users\Asus\AppData\Local\Programs\Python\Python313\Lib\site-packages\telebot\__init__.py", line 660, in get_updates
    json_updates = apihelper.get_updates(
        self.token, offset=offset, limit=limit, timeout=timeout, allowed_updates=allowed_updates,
        long_polling_timeout=long_polling_timeout)
  File "C:\Users\Asus\AppData\Local\Programs\Python\Python313\Lib\site-packages\telebot\apihelper.py", line 339, in get_updates
    return _make_request(token, method_url, params=payload)
  File "C:\Users\Asus\AppData\Local\Programs\Python\Python313\Lib\site-packages\telebot\apihelper.py", line 168, in _make_request
    json_result = _check_result(method_name, result)
  File "C:\Users\Asus\AppData\Local\Programs\Python\Python313\Lib\site-packages\telebot\apihelper.py", line 197, in _check_result
    raise ApiTelegramException(method_name, result, result_json)
telebot.apihelper.ApiTelegramException: A request to the Telegram API was unsuccessful. Error code: 409. Description: Conflict: terminated by other getUpdates request; make sure that only one bot instance is running

2025-10-27 02:13:56,498 - TeleBot - ERROR - Threaded polling exception: A request to the Telegram API was unsuccessful. Error code: 409. Description: Conflict: terminated by other getUpdates request; make sure that only one bot instance is running
2025-10-27 02:13:56,499 - TeleBot - ERROR - Exception traceback:
Traceback (most recent call last):
  File "C:\Users\Asus\AppData\Local\Programs\Python\Python313\Lib\site-packages\telebot\__init__.py", line 1234, in __threaded_polling
    polling_thread.raise_exceptions()
    ~~~~~~~~~~~~~~~~~~~~~~~~~~~~~~~^^
  File "C:\Users\Asus\AppData\Local\Programs\Python\Python313\Lib\site-packages\telebot\util.py", line 115, in raise_exceptions
    raise self.exception_info
  File "C:\Users\Asus\AppData\Local\Programs\Python\Python313\Lib\site-packages\telebot\util.py", line 97, in run
    task(*args, **kwargs)
    ~~~~^^^^^^^^^^^^^^^^^
  File "C:\Users\Asus\AppData\Local\Programs\Python\Python313\Lib\site-packages\telebot\__init__.py", line 688, in __retrieve_updates
    updates = self.get_updates(offset=(self.last_update_id + 1),
                               allowed_updates=allowed_updates,
                               timeout=timeout, long_polling_timeout=long_polling_timeout)
  File "C:\Users\Asus\AppData\Local\Programs\Python\Python313\Lib\site-packages\telebot\__init__.py", line 660, in get_updates
    json_updates = apihelper.get_updates(
        self.token, offset=offset, limit=limit, timeout=timeout, allowed_updates=allowed_updates,
        long_polling_timeout=long_polling_timeout)
  File "C:\Users\Asus\AppData\Local\Programs\Python\Python313\Lib\site-packages\telebot\apihelper.py", line 339, in get_updates
    return _make_request(token, method_url, params=payload)
  File "C:\Users\Asus\AppData\Local\Programs\Python\Python313\Lib\site-packages\telebot\apihelper.py", line 168, in _make_request
    json_result = _check_result(method_name, result)
  File "C:\Users\Asus\AppData\Local\Programs\Python\Python313\Lib\site-packages\telebot\apihelper.py", line 197, in _check_result
    raise ApiTelegramException(method_name, result, result_json)
telebot.apihelper.ApiTelegramException: A request to the Telegram API was unsuccessful. Error code: 409. Description: Conflict: terminated by other getUpdates request; make sure that only one bot instance is running

2025-10-27 02:14:12,769 - TeleBot - ERROR - Threaded polling exception: A request to the Telegram API was unsuccessful. Error code: 409. Description: Conflict: terminated by other getUpdates request; make sure that only one bot instance is running
2025-10-27 02:14:12,770 - TeleBot - ERROR - Exception traceback:
Traceback (most recent call last):
  File "C:\Users\Asus\AppData\Local\Programs\Python\Python313\Lib\site-packages\telebot\__init__.py", line 1234, in __threaded_polling
    polling_thread.raise_exceptions()
    ~~~~~~~~~~~~~~~~~~~~~~~~~~~~~~~^^
  File "C:\Users\Asus\AppData\Local\Programs\Python\Python313\Lib\site-packages\telebot\util.py", line 115, in raise_exceptions
    raise self.exception_info
  File "C:\Users\Asus\AppData\Local\Programs\Python\Python313\Lib\site-packages\telebot\util.py", line 97, in run
    task(*args, **kwargs)
    ~~~~^^^^^^^^^^^^^^^^^
  File "C:\Users\Asus\AppData\Local\Programs\Python\Python313\Lib\site-packages\telebot\__init__.py", line 688, in __retrieve_updates
    updates = self.get_updates(offset=(self.last_update_id + 1),
                               allowed_updates=allowed_updates,
                               timeout=timeout, long_polling_timeout=long_polling_timeout)
  File "C:\Users\Asus\AppData\Local\Programs\Python\Python313\Lib\site-packages\telebot\__init__.py", line 660, in get_updates
    json_updates = apihelper.get_updates(
        self.token, offset=offset, limit=limit, timeout=timeout, allowed_updates=allowed_updates,
        long_polling_timeout=long_polling_timeout)
  File "C:\Users\Asus\AppData\Local\Programs\Python\Python313\Lib\site-packages\telebot\apihelper.py", line 339, in get_updates
    return _make_request(token, method_url, params=payload)
  File "C:\Users\Asus\AppData\Local\Programs\Python\Python313\Lib\site-packages\telebot\apihelper.py", line 168, in _make_request
    json_result = _check_result(method_name, result)
  File "C:\Users\Asus\AppData\Local\Programs\Python\Python313\Lib\site-packages\telebot\apihelper.py", line 197, in _check_result
    raise ApiTelegramException(method_name, result, result_json)
telebot.apihelper.ApiTelegramException: A request to the Telegram API was unsuccessful. Error code: 409. Description: Conflict: terminated by other getUpdates request; make sure that only one bot instance is running

2025-10-27 02:14:16,293 - TeleBot - ERROR - Threaded polling exception: A request to the Telegram API was unsuccessful. Error code: 409. Description: Conflict: terminated by other getUpdates request; make sure that only one bot instance is running
2025-10-27 02:14:16,294 - TeleBot - ERROR - Exception traceback:
Traceback (most recent call last):
  File "C:\Users\Asus\AppData\Local\Programs\Python\Python313\Lib\site-packages\telebot\__init__.py", line 1234, in __threaded_polling
    polling_thread.raise_exceptions()
    ~~~~~~~~~~~~~~~~~~~~~~~~~~~~~~~^^
  File "C:\Users\Asus\AppData\Local\Programs\Python\Python313\Lib\site-packages\telebot\util.py", line 115, in raise_exceptions
    raise self.exception_info
  File "C:\Users\Asus\AppData\Local\Programs\Python\Python313\Lib\site-packages\telebot\util.py", line 97, in run
    task(*args, **kwargs)
    ~~~~^^^^^^^^^^^^^^^^^
  File "C:\Users\Asus\AppData\Local\Programs\Python\Python313\Lib\site-packages\telebot\__init__.py", line 688, in __retrieve_updates
    updates = self.get_updates(offset=(self.last_update_id + 1),
                               allowed_updates=allowed_updates,
                               timeout=timeout, long_polling_timeout=long_polling_timeout)
  File "C:\Users\Asus\AppData\Local\Programs\Python\Python313\Lib\site-packages\telebot\__init__.py", line 660, in get_updates
    json_updates = apihelper.get_updates(
        self.token, offset=offset, limit=limit, timeout=timeout, allowed_updates=allowed_updates,
        long_polling_timeout=long_polling_timeout)
  File "C:\Users\Asus\AppData\Local\Programs\Python\Python313\Lib\site-packages\telebot\apihelper.py", line 339, in get_updates
    return _make_request(token, method_url, params=payload)
  File "C:\Users\Asus\AppData\Local\Programs\Python\Python313\Lib\site-packages\telebot\apihelper.py", line 168, in _make_request
    json_result = _check_result(method_name, result)
  File "C:\Users\Asus\AppData\Local\Programs\Python\Python313\Lib\site-packages\telebot\apihelper.py", line 197, in _check_result
    raise ApiTelegramException(method_name, result, result_json)
telebot.apihelper.ApiTelegramException: A request to the Telegram API was unsuccessful. Error code: 409. Description: Conflict: terminated by other getUpdates request; make sure that only one bot instance is running

2025-10-27 02:14:48,563 - TeleBot - ERROR - Threaded polling exception: A request to the Telegram API was unsuccessful. Error code: 409. Description: Conflict: terminated by other getUpdates request; make sure that only one bot instance is running
2025-10-27 02:14:48,565 - TeleBot - ERROR - Exception traceback:
Traceback (most recent call last):
  File "C:\Users\Asus\AppData\Local\Programs\Python\Python313\Lib\site-packages\telebot\__init__.py", line 1234, in __threaded_polling
    polling_thread.raise_exceptions()
    ~~~~~~~~~~~~~~~~~~~~~~~~~~~~~~~^^
  File "C:\Users\Asus\AppData\Local\Programs\Python\Python313\Lib\site-packages\telebot\util.py", line 115, in raise_exceptions
    raise self.exception_info
  File "C:\Users\Asus\AppData\Local\Programs\Python\Python313\Lib\site-packages\telebot\util.py", line 97, in run
    task(*args, **kwargs)
    ~~~~^^^^^^^^^^^^^^^^^
  File "C:\Users\Asus\AppData\Local\Programs\Python\Python313\Lib\site-packages\telebot\__init__.py", line 688, in __retrieve_updates
    updates = self.get_updates(offset=(self.last_update_id + 1),
                               allowed_updates=allowed_updates,
                               timeout=timeout, long_polling_timeout=long_polling_timeout)
  File "C:\Users\Asus\AppData\Local\Programs\Python\Python313\Lib\site-packages\telebot\__init__.py", line 660, in get_updates
    json_updates = apihelper.get_updates(
        self.token, offset=offset, limit=limit, timeout=timeout, allowed_updates=allowed_updates,
        long_polling_timeout=long_polling_timeout)
  File "C:\Users\Asus\AppData\Local\Programs\Python\Python313\Lib\site-packages\telebot\apihelper.py", line 339, in get_updates
    return _make_request(token, method_url, params=payload)
  File "C:\Users\Asus\AppData\Local\Programs\Python\Python313\Lib\site-packages\telebot\apihelper.py", line 168, in _make_request
    json_result = _check_result(method_name, result)
  File "C:\Users\Asus\AppData\Local\Programs\Python\Python313\Lib\site-packages\telebot\apihelper.py", line 197, in _check_result
    raise ApiTelegramException(method_name, result, result_json)
telebot.apihelper.ApiTelegramException: A request to the Telegram API was unsuccessful. Error code: 409. Description: Conflict: terminated by other getUpdates request; make sure that only one bot instance is running

2025-10-27 02:14:52,132 - TeleBot - ERROR - Threaded polling exception: A request to the Telegram API was unsuccessful. Error code: 409. Description: Conflict: terminated by other getUpdates request; make sure that only one bot instance is running
2025-10-27 02:14:52,133 - TeleBot - ERROR - Exception traceback:
Traceback (most recent call last):
  File "C:\Users\Asus\AppData\Local\Programs\Python\Python313\Lib\site-packages\telebot\__init__.py", line 1234, in __threaded_polling
    polling_thread.raise_exceptions()
    ~~~~~~~~~~~~~~~~~~~~~~~~~~~~~~~^^
  File "C:\Users\Asus\AppData\Local\Programs\Python\Python313\Lib\site-packages\telebot\util.py", line 115, in raise_exceptions
    raise self.exception_info
  File "C:\Users\Asus\AppData\Local\Programs\Python\Python313\Lib\site-packages\telebot\util.py", line 97, in run
    task(*args, **kwargs)
    ~~~~^^^^^^^^^^^^^^^^^
  File "C:\Users\Asus\AppData\Local\Programs\Python\Python313\Lib\site-packages\telebot\__init__.py", line 688, in __retrieve_updates
    updates = self.get_updates(offset=(self.last_update_id + 1),
                               allowed_updates=allowed_updates,
                               timeout=timeout, long_polling_timeout=long_polling_timeout)
  File "C:\Users\Asus\AppData\Local\Programs\Python\Python313\Lib\site-packages\telebot\__init__.py", line 660, in get_updates
    json_updates = apihelper.get_updates(
        self.token, offset=offset, limit=limit, timeout=timeout, allowed_updates=allowed_updates,
        long_polling_timeout=long_polling_timeout)
  File "C:\Users\Asus\AppData\Local\Programs\Python\Python313\Lib\site-packages\telebot\apihelper.py", line 339, in get_updates
    return _make_request(token, method_url, params=payload)
  File "C:\Users\Asus\AppData\Local\Programs\Python\Python313\Lib\site-packages\telebot\apihelper.py", line 168, in _make_request
    json_result = _check_result(method_name, result)
  File "C:\Users\Asus\AppData\Local\Programs\Python\Python313\Lib\site-packages\telebot\apihelper.py", line 197, in _check_result
    raise ApiTelegramException(method_name, result, result_json)
telebot.apihelper.ApiTelegramException: A request to the Telegram API was unsuccessful. Error code: 409. Description: Conflict: terminated by other getUpdates request; make sure that only one bot instance is running

2025-10-27 02:15:06,234 - database - INFO - Database initialized successfully
2025-10-27 02:15:06,234 - bot - INFO - Bot initialized successfully
2025-10-27 02:15:06,235 - bot - INFO - Starting bot...
2025-10-27 02:15:08,360 - TeleBot - ERROR - Threaded polling exception: A request to the Telegram API was unsuccessful. Error code: 409. Description: Conflict: terminated by other getUpdates request; make sure that only one bot instance is running
2025-10-27 02:15:08,362 - TeleBot - ERROR - Exception traceback:
Traceback (most recent call last):
  File "C:\Users\Asus\AppData\Local\Programs\Python\Python313\Lib\site-packages\telebot\__init__.py", line 1234, in __threaded_polling
    polling_thread.raise_exceptions()
    ~~~~~~~~~~~~~~~~~~~~~~~~~~~~~~~^^
  File "C:\Users\Asus\AppData\Local\Programs\Python\Python313\Lib\site-packages\telebot\util.py", line 115, in raise_exceptions
    raise self.exception_info
  File "C:\Users\Asus\AppData\Local\Programs\Python\Python313\Lib\site-packages\telebot\util.py", line 97, in run
    task(*args, **kwargs)
    ~~~~^^^^^^^^^^^^^^^^^
  File "C:\Users\Asus\AppData\Local\Programs\Python\Python313\Lib\site-packages\telebot\__init__.py", line 688, in __retrieve_updates
    updates = self.get_updates(offset=(self.last_update_id + 1),
                               allowed_updates=allowed_updates,
                               timeout=timeout, long_polling_timeout=long_polling_timeout)
  File "C:\Users\Asus\AppData\Local\Programs\Python\Python313\Lib\site-packages\telebot\__init__.py", line 660, in get_updates
    json_updates = apihelper.get_updates(
        self.token, offset=offset, limit=limit, timeout=timeout, allowed_updates=allowed_updates,
        long_polling_timeout=long_polling_timeout)
  File "C:\Users\Asus\AppData\Local\Programs\Python\Python313\Lib\site-packages\telebot\apihelper.py", line 339, in get_updates
    return _make_request(token, method_url, params=payload)
  File "C:\Users\Asus\AppData\Local\Programs\Python\Python313\Lib\site-packages\telebot\apihelper.py", line 168, in _make_request
    json_result = _check_result(method_name, result)
  File "C:\Users\Asus\AppData\Local\Programs\Python\Python313\Lib\site-packages\telebot\apihelper.py", line 197, in _check_result
    raise ApiTelegramException(method_name, result, result_json)
telebot.apihelper.ApiTelegramException: A request to the Telegram API was unsuccessful. Error code: 409. Description: Conflict: terminated by other getUpdates request; make sure that only one bot instance is running

2025-10-27 02:15:12,133 - TeleBot - ERROR - Threaded polling exception: A request to the Telegram API was unsuccessful. Error code: 409. Description: Conflict: terminated by other getUpdates request; make sure that only one bot instance is running
2025-10-27 02:15:12,134 - TeleBot - ERROR - Exception traceback:
Traceback (most recent call last):
  File "C:\Users\Asus\AppData\Local\Programs\Python\Python313\Lib\site-packages\telebot\__init__.py", line 1234, in __threaded_polling
    polling_thread.raise_exceptions()
    ~~~~~~~~~~~~~~~~~~~~~~~~~~~~~~~^^
  File "C:\Users\Asus\AppData\Local\Programs\Python\Python313\Lib\site-packages\telebot\util.py", line 115, in raise_exceptions
    raise self.exception_info
  File "C:\Users\Asus\AppData\Local\Programs\Python\Python313\Lib\site-packages\telebot\util.py", line 97, in run
    task(*args, **kwargs)
    ~~~~^^^^^^^^^^^^^^^^^
  File "C:\Users\Asus\AppData\Local\Programs\Python\Python313\Lib\site-packages\telebot\__init__.py", line 688, in __retrieve_updates
    updates = self.get_updates(offset=(self.last_update_id + 1),
                               allowed_updates=allowed_updates,
                               timeout=timeout, long_polling_timeout=long_polling_timeout)
  File "C:\Users\Asus\AppData\Local\Programs\Python\Python313\Lib\site-packages\telebot\__init__.py", line 660, in get_updates
    json_updates = apihelper.get_updates(
        self.token, offset=offset, limit=limit, timeout=timeout, allowed_updates=allowed_updates,
        long_polling_timeout=long_polling_timeout)
  File "C:\Users\Asus\AppData\Local\Programs\Python\Python313\Lib\site-packages\telebot\apihelper.py", line 339, in get_updates
    return _make_request(token, method_url, params=payload)
  File "C:\Users\Asus\AppData\Local\Programs\Python\Python313\Lib\site-packages\telebot\apihelper.py", line 168, in _make_request
    json_result = _check_result(method_name, result)
  File "C:\Users\Asus\AppData\Local\Programs\Python\Python313\Lib\site-packages\telebot\apihelper.py", line 197, in _check_result
    raise ApiTelegramException(method_name, result, result_json)
telebot.apihelper.ApiTelegramException: A request to the Telegram API was unsuccessful. Error code: 409. Description: Conflict: terminated by other getUpdates request; make sure that only one bot instance is running

2025-10-27 02:15:12,653 - TeleBot - ERROR - Threaded polling exception: A request to the Telegram API was unsuccessful. Error code: 409. Description: Conflict: terminated by other getUpdates request; make sure that only one bot instance is running
2025-10-27 02:15:12,655 - TeleBot - ERROR - Exception traceback:
Traceback (most recent call last):
  File "C:\Users\Asus\AppData\Local\Programs\Python\Python313\Lib\site-packages\telebot\__init__.py", line 1234, in __threaded_polling
    polling_thread.raise_exceptions()
    ~~~~~~~~~~~~~~~~~~~~~~~~~~~~~~~^^
  File "C:\Users\Asus\AppData\Local\Programs\Python\Python313\Lib\site-packages\telebot\util.py", line 115, in raise_exceptions
    raise self.exception_info
  File "C:\Users\Asus\AppData\Local\Programs\Python\Python313\Lib\site-packages\telebot\util.py", line 97, in run
    task(*args, **kwargs)
    ~~~~^^^^^^^^^^^^^^^^^
  File "C:\Users\Asus\AppData\Local\Programs\Python\Python313\Lib\site-packages\telebot\__init__.py", line 688, in __retrieve_updates
    updates = self.get_updates(offset=(self.last_update_id + 1),
                               allowed_updates=allowed_updates,
                               timeout=timeout, long_polling_timeout=long_polling_timeout)
  File "C:\Users\Asus\AppData\Local\Programs\Python\Python313\Lib\site-packages\telebot\__init__.py", line 660, in get_updates
    json_updates = apihelper.get_updates(
        self.token, offset=offset, limit=limit, timeout=timeout, allowed_updates=allowed_updates,
        long_polling_timeout=long_polling_timeout)
  File "C:\Users\Asus\AppData\Local\Programs\Python\Python313\Lib\site-packages\telebot\apihelper.py", line 339, in get_updates
    return _make_request(token, method_url, params=payload)
  File "C:\Users\Asus\AppData\Local\Programs\Python\Python313\Lib\site-packages\telebot\apihelper.py", line 168, in _make_request
    json_result = _check_result(method_name, result)
  File "C:\Users\Asus\AppData\Local\Programs\Python\Python313\Lib\site-packages\telebot\apihelper.py", line 197, in _check_result
    raise ApiTelegramException(method_name, result, result_json)
telebot.apihelper.ApiTelegramException: A request to the Telegram API was unsuccessful. Error code: 409. Description: Conflict: terminated by other getUpdates request; make sure that only one bot instance is running

2025-10-27 02:15:16,172 - TeleBot - ERROR - Threaded polling exception: A request to the Telegram API was unsuccessful. Error code: 409. Description: Conflict: terminated by other getUpdates request; make sure that only one bot instance is running
2025-10-27 02:15:16,174 - TeleBot - ERROR - Exception traceback:
Traceback (most recent call last):
  File "C:\Users\Asus\AppData\Local\Programs\Python\Python313\Lib\site-packages\telebot\__init__.py", line 1234, in __threaded_polling
    polling_thread.raise_exceptions()
    ~~~~~~~~~~~~~~~~~~~~~~~~~~~~~~~^^
  File "C:\Users\Asus\AppData\Local\Programs\Python\Python313\Lib\site-packages\telebot\util.py", line 115, in raise_exceptions
    raise self.exception_info
  File "C:\Users\Asus\AppData\Local\Programs\Python\Python313\Lib\site-packages\telebot\util.py", line 97, in run
    task(*args, **kwargs)
    ~~~~^^^^^^^^^^^^^^^^^
  File "C:\Users\Asus\AppData\Local\Programs\Python\Python313\Lib\site-packages\telebot\__init__.py", line 688, in __retrieve_updates
    updates = self.get_updates(offset=(self.last_update_id + 1),
                               allowed_updates=allowed_updates,
                               timeout=timeout, long_polling_timeout=long_polling_timeout)
  File "C:\Users\Asus\AppData\Local\Programs\Python\Python313\Lib\site-packages\telebot\__init__.py", line 660, in get_updates
    json_updates = apihelper.get_updates(
        self.token, offset=offset, limit=limit, timeout=timeout, allowed_updates=allowed_updates,
        long_polling_timeout=long_polling_timeout)
  File "C:\Users\Asus\AppData\Local\Programs\Python\Python313\Lib\site-packages\telebot\apihelper.py", line 339, in get_updates
    return _make_request(token, method_url, params=payload)
  File "C:\Users\Asus\AppData\Local\Programs\Python\Python313\Lib\site-packages\telebot\apihelper.py", line 168, in _make_request
    json_result = _check_result(method_name, result)
  File "C:\Users\Asus\AppData\Local\Programs\Python\Python313\Lib\site-packages\telebot\apihelper.py", line 197, in _check_result
    raise ApiTelegramException(method_name, result, result_json)
telebot.apihelper.ApiTelegramException: A request to the Telegram API was unsuccessful. Error code: 409. Description: Conflict: terminated by other getUpdates request; make sure that only one bot instance is running

2025-10-27 02:15:16,942 - TeleBot - ERROR - Threaded polling exception: A request to the Telegram API was unsuccessful. Error code: 409. Description: Conflict: terminated by other getUpdates request; make sure that only one bot instance is running
2025-10-27 02:15:16,944 - TeleBot - ERROR - Exception traceback:
Traceback (most recent call last):
  File "C:\Users\Asus\AppData\Local\Programs\Python\Python313\Lib\site-packages\telebot\__init__.py", line 1234, in __threaded_polling
    polling_thread.raise_exceptions()
    ~~~~~~~~~~~~~~~~~~~~~~~~~~~~~~~^^
  File "C:\Users\Asus\AppData\Local\Programs\Python\Python313\Lib\site-packages\telebot\util.py", line 115, in raise_exceptions
    raise self.exception_info
  File "C:\Users\Asus\AppData\Local\Programs\Python\Python313\Lib\site-packages\telebot\util.py", line 97, in run
    task(*args, **kwargs)
    ~~~~^^^^^^^^^^^^^^^^^
  File "C:\Users\Asus\AppData\Local\Programs\Python\Python313\Lib\site-packages\telebot\__init__.py", line 688, in __retrieve_updates
    updates = self.get_updates(offset=(self.last_update_id + 1),
                               allowed_updates=allowed_updates,
                               timeout=timeout, long_polling_timeout=long_polling_timeout)
  File "C:\Users\Asus\AppData\Local\Programs\Python\Python313\Lib\site-packages\telebot\__init__.py", line 660, in get_updates
    json_updates = apihelper.get_updates(
        self.token, offset=offset, limit=limit, timeout=timeout, allowed_updates=allowed_updates,
        long_polling_timeout=long_polling_timeout)
  File "C:\Users\Asus\AppData\Local\Programs\Python\Python313\Lib\site-packages\telebot\apihelper.py", line 339, in get_updates
    return _make_request(token, method_url, params=payload)
  File "C:\Users\Asus\AppData\Local\Programs\Python\Python313\Lib\site-packages\telebot\apihelper.py", line 168, in _make_request
    json_result = _check_result(method_name, result)
  File "C:\Users\Asus\AppData\Local\Programs\Python\Python313\Lib\site-packages\telebot\apihelper.py", line 197, in _check_result
    raise ApiTelegramException(method_name, result, result_json)
telebot.apihelper.ApiTelegramException: A request to the Telegram API was unsuccessful. Error code: 409. Description: Conflict: terminated by other getUpdates request; make sure that only one bot instance is running

2025-10-27 02:15:20,748 - TeleBot - ERROR - Threaded polling exception: A request to the Telegram API was unsuccessful. Error code: 409. Description: Conflict: terminated by other getUpdates request; make sure that only one bot instance is running
2025-10-27 02:15:20,749 - TeleBot - ERROR - Exception traceback:
Traceback (most recent call last):
  File "C:\Users\Asus\AppData\Local\Programs\Python\Python313\Lib\site-packages\telebot\__init__.py", line 1234, in __threaded_polling
    polling_thread.raise_exceptions()
    ~~~~~~~~~~~~~~~~~~~~~~~~~~~~~~~^^
  File "C:\Users\Asus\AppData\Local\Programs\Python\Python313\Lib\site-packages\telebot\util.py", line 115, in raise_exceptions
    raise self.exception_info
  File "C:\Users\Asus\AppData\Local\Programs\Python\Python313\Lib\site-packages\telebot\util.py", line 97, in run
    task(*args, **kwargs)
    ~~~~^^^^^^^^^^^^^^^^^
  File "C:\Users\Asus\AppData\Local\Programs\Python\Python313\Lib\site-packages\telebot\__init__.py", line 688, in __retrieve_updates
    updates = self.get_updates(offset=(self.last_update_id + 1),
                               allowed_updates=allowed_updates,
                               timeout=timeout, long_polling_timeout=long_polling_timeout)
  File "C:\Users\Asus\AppData\Local\Programs\Python\Python313\Lib\site-packages\telebot\__init__.py", line 660, in get_updates
    json_updates = apihelper.get_updates(
        self.token, offset=offset, limit=limit, timeout=timeout, allowed_updates=allowed_updates,
        long_polling_timeout=long_polling_timeout)
  File "C:\Users\Asus\AppData\Local\Programs\Python\Python313\Lib\site-packages\telebot\apihelper.py", line 339, in get_updates
    return _make_request(token, method_url, params=payload)
  File "C:\Users\Asus\AppData\Local\Programs\Python\Python313\Lib\site-packages\telebot\apihelper.py", line 168, in _make_request
    json_result = _check_result(method_name, result)
  File "C:\Users\Asus\AppData\Local\Programs\Python\Python313\Lib\site-packages\telebot\apihelper.py", line 197, in _check_result
    raise ApiTelegramException(method_name, result, result_json)
telebot.apihelper.ApiTelegramException: A request to the Telegram API was unsuccessful. Error code: 409. Description: Conflict: terminated by other getUpdates request; make sure that only one bot instance is running

2025-10-27 02:15:22,412 - TeleBot - ERROR - Threaded polling exception: A request to the Telegram API was unsuccessful. Error code: 409. Description: Conflict: terminated by other getUpdates request; make sure that only one bot instance is running
2025-10-27 02:15:22,416 - TeleBot - ERROR - Exception traceback:
Traceback (most recent call last):
  File "C:\Users\Asus\AppData\Local\Programs\Python\Python313\Lib\site-packages\telebot\__init__.py", line 1234, in __threaded_polling
    polling_thread.raise_exceptions()
    ~~~~~~~~~~~~~~~~~~~~~~~~~~~~~~~^^
  File "C:\Users\Asus\AppData\Local\Programs\Python\Python313\Lib\site-packages\telebot\util.py", line 115, in raise_exceptions
    raise self.exception_info
  File "C:\Users\Asus\AppData\Local\Programs\Python\Python313\Lib\site-packages\telebot\util.py", line 97, in run
    task(*args, **kwargs)
    ~~~~^^^^^^^^^^^^^^^^^
  File "C:\Users\Asus\AppData\Local\Programs\Python\Python313\Lib\site-packages\telebot\__init__.py", line 688, in __retrieve_updates
    updates = self.get_updates(offset=(self.last_update_id + 1),
                               allowed_updates=allowed_updates,
                               timeout=timeout, long_polling_timeout=long_polling_timeout)
  File "C:\Users\Asus\AppData\Local\Programs\Python\Python313\Lib\site-packages\telebot\__init__.py", line 660, in get_updates
    json_updates = apihelper.get_updates(
        self.token, offset=offset, limit=limit, timeout=timeout, allowed_updates=allowed_updates,
        long_polling_timeout=long_polling_timeout)
  File "C:\Users\Asus\AppData\Local\Programs\Python\Python313\Lib\site-packages\telebot\apihelper.py", line 339, in get_updates
    return _make_request(token, method_url, params=payload)
  File "C:\Users\Asus\AppData\Local\Programs\Python\Python313\Lib\site-packages\telebot\apihelper.py", line 168, in _make_request
    json_result = _check_result(method_name, result)
  File "C:\Users\Asus\AppData\Local\Programs\Python\Python313\Lib\site-packages\telebot\apihelper.py", line 197, in _check_result
    raise ApiTelegramException(method_name, result, result_json)
telebot.apihelper.ApiTelegramException: A request to the Telegram API was unsuccessful. Error code: 409. Description: Conflict: terminated by other getUpdates request; make sure that only one bot instance is running

2025-10-27 02:15:27,379 - TeleBot - ERROR - Threaded polling exception: A request to the Telegram API was unsuccessful. Error code: 409. Description: Conflict: terminated by other getUpdates request; make sure that only one bot instance is running
2025-10-27 02:15:27,381 - TeleBot - ERROR - Exception traceback:
Traceback (most recent call last):
  File "C:\Users\Asus\AppData\Local\Programs\Python\Python313\Lib\site-packages\telebot\__init__.py", line 1234, in __threaded_polling
    polling_thread.raise_exceptions()
    ~~~~~~~~~~~~~~~~~~~~~~~~~~~~~~~^^
  File "C:\Users\Asus\AppData\Local\Programs\Python\Python313\Lib\site-packages\telebot\util.py", line 115, in raise_exceptions
    raise self.exception_info
  File "C:\Users\Asus\AppData\Local\Programs\Python\Python313\Lib\site-packages\telebot\util.py", line 97, in run
    task(*args, **kwargs)
    ~~~~^^^^^^^^^^^^^^^^^
  File "C:\Users\Asus\AppData\Local\Programs\Python\Python313\Lib\site-packages\telebot\__init__.py", line 688, in __retrieve_updates
    updates = self.get_updates(offset=(self.last_update_id + 1),
                               allowed_updates=allowed_updates,
                               timeout=timeout, long_polling_timeout=long_polling_timeout)
  File "C:\Users\Asus\AppData\Local\Programs\Python\Python313\Lib\site-packages\telebot\__init__.py", line 660, in get_updates
    json_updates = apihelper.get_updates(
        self.token, offset=offset, limit=limit, timeout=timeout, allowed_updates=allowed_updates,
        long_polling_timeout=long_polling_timeout)
  File "C:\Users\Asus\AppData\Local\Programs\Python\Python313\Lib\site-packages\telebot\apihelper.py", line 339, in get_updates
    return _make_request(token, method_url, params=payload)
  File "C:\Users\Asus\AppData\Local\Programs\Python\Python313\Lib\site-packages\telebot\apihelper.py", line 168, in _make_request
    json_result = _check_result(method_name, result)
  File "C:\Users\Asus\AppData\Local\Programs\Python\Python313\Lib\site-packages\telebot\apihelper.py", line 197, in _check_result
    raise ApiTelegramException(method_name, result, result_json)
telebot.apihelper.ApiTelegramException: A request to the Telegram API was unsuccessful. Error code: 409. Description: Conflict: terminated by other getUpdates request; make sure that only one bot instance is running

2025-10-27 02:15:30,056 - TeleBot - ERROR - Threaded polling exception: A request to the Telegram API was unsuccessful. Error code: 409. Description: Conflict: terminated by other getUpdates request; make sure that only one bot instance is running
2025-10-27 02:15:30,057 - TeleBot - ERROR - Exception traceback:
Traceback (most recent call last):
  File "C:\Users\Asus\AppData\Local\Programs\Python\Python313\Lib\site-packages\telebot\__init__.py", line 1234, in __threaded_polling
    polling_thread.raise_exceptions()
    ~~~~~~~~~~~~~~~~~~~~~~~~~~~~~~~^^
  File "C:\Users\Asus\AppData\Local\Programs\Python\Python313\Lib\site-packages\telebot\util.py", line 115, in raise_exceptions
    raise self.exception_info
  File "C:\Users\Asus\AppData\Local\Programs\Python\Python313\Lib\site-packages\telebot\util.py", line 97, in run
    task(*args, **kwargs)
    ~~~~^^^^^^^^^^^^^^^^^
  File "C:\Users\Asus\AppData\Local\Programs\Python\Python313\Lib\site-packages\telebot\__init__.py", line 688, in __retrieve_updates
    updates = self.get_updates(offset=(self.last_update_id + 1),
                               allowed_updates=allowed_updates,
                               timeout=timeout, long_polling_timeout=long_polling_timeout)
  File "C:\Users\Asus\AppData\Local\Programs\Python\Python313\Lib\site-packages\telebot\__init__.py", line 660, in get_updates
    json_updates = apihelper.get_updates(
        self.token, offset=offset, limit=limit, timeout=timeout, allowed_updates=allowed_updates,
        long_polling_timeout=long_polling_timeout)
  File "C:\Users\Asus\AppData\Local\Programs\Python\Python313\Lib\site-packages\telebot\apihelper.py", line 339, in get_updates
    return _make_request(token, method_url, params=payload)
  File "C:\Users\Asus\AppData\Local\Programs\Python\Python313\Lib\site-packages\telebot\apihelper.py", line 168, in _make_request
    json_result = _check_result(method_name, result)
  File "C:\Users\Asus\AppData\Local\Programs\Python\Python313\Lib\site-packages\telebot\apihelper.py", line 197, in _check_result
    raise ApiTelegramException(method_name, result, result_json)
telebot.apihelper.ApiTelegramException: A request to the Telegram API was unsuccessful. Error code: 409. Description: Conflict: terminated by other getUpdates request; make sure that only one bot instance is running

2025-10-27 02:15:35,798 - TeleBot - ERROR - Threaded polling exception: A request to the Telegram API was unsuccessful. Error code: 409. Description: Conflict: terminated by other getUpdates request; make sure that only one bot instance is running
2025-10-27 02:15:35,801 - TeleBot - ERROR - Exception traceback:
Traceback (most recent call last):
  File "C:\Users\Asus\AppData\Local\Programs\Python\Python313\Lib\site-packages\telebot\__init__.py", line 1234, in __threaded_polling
    polling_thread.raise_exceptions()
    ~~~~~~~~~~~~~~~~~~~~~~~~~~~~~~~^^
  File "C:\Users\Asus\AppData\Local\Programs\Python\Python313\Lib\site-packages\telebot\util.py", line 115, in raise_exceptions
    raise self.exception_info
  File "C:\Users\Asus\AppData\Local\Programs\Python\Python313\Lib\site-packages\telebot\util.py", line 97, in run
    task(*args, **kwargs)
    ~~~~^^^^^^^^^^^^^^^^^
  File "C:\Users\Asus\AppData\Local\Programs\Python\Python313\Lib\site-packages\telebot\__init__.py", line 688, in __retrieve_updates
    updates = self.get_updates(offset=(self.last_update_id + 1),
                               allowed_updates=allowed_updates,
                               timeout=timeout, long_polling_timeout=long_polling_timeout)
  File "C:\Users\Asus\AppData\Local\Programs\Python\Python313\Lib\site-packages\telebot\__init__.py", line 660, in get_updates
    json_updates = apihelper.get_updates(
        self.token, offset=offset, limit=limit, timeout=timeout, allowed_updates=allowed_updates,
        long_polling_timeout=long_polling_timeout)
  File "C:\Users\Asus\AppData\Local\Programs\Python\Python313\Lib\site-packages\telebot\apihelper.py", line 339, in get_updates
    return _make_request(token, method_url, params=payload)
  File "C:\Users\Asus\AppData\Local\Programs\Python\Python313\Lib\site-packages\telebot\apihelper.py", line 168, in _make_request
    json_result = _check_result(method_name, result)
  File "C:\Users\Asus\AppData\Local\Programs\Python\Python313\Lib\site-packages\telebot\apihelper.py", line 197, in _check_result
    raise ApiTelegramException(method_name, result, result_json)
telebot.apihelper.ApiTelegramException: A request to the Telegram API was unsuccessful. Error code: 409. Description: Conflict: terminated by other getUpdates request; make sure that only one bot instance is running

2025-10-27 02:15:40,618 - TeleBot - ERROR - Threaded polling exception: A request to the Telegram API was unsuccessful. Error code: 409. Description: Conflict: terminated by other getUpdates request; make sure that only one bot instance is running
2025-10-27 02:15:40,621 - TeleBot - ERROR - Exception traceback:
Traceback (most recent call last):
  File "C:\Users\Asus\AppData\Local\Programs\Python\Python313\Lib\site-packages\telebot\__init__.py", line 1234, in __threaded_polling
    polling_thread.raise_exceptions()
    ~~~~~~~~~~~~~~~~~~~~~~~~~~~~~~~^^
  File "C:\Users\Asus\AppData\Local\Programs\Python\Python313\Lib\site-packages\telebot\util.py", line 115, in raise_exceptions
    raise self.exception_info
  File "C:\Users\Asus\AppData\Local\Programs\Python\Python313\Lib\site-packages\telebot\util.py", line 97, in run
    task(*args, **kwargs)
    ~~~~^^^^^^^^^^^^^^^^^
  File "C:\Users\Asus\AppData\Local\Programs\Python\Python313\Lib\site-packages\telebot\__init__.py", line 688, in __retrieve_updates
    updates = self.get_updates(offset=(self.last_update_id + 1),
                               allowed_updates=allowed_updates,
                               timeout=timeout, long_polling_timeout=long_polling_timeout)
  File "C:\Users\Asus\AppData\Local\Programs\Python\Python313\Lib\site-packages\telebot\__init__.py", line 660, in get_updates
    json_updates = apihelper.get_updates(
        self.token, offset=offset, limit=limit, timeout=timeout, allowed_updates=allowed_updates,
        long_polling_timeout=long_polling_timeout)
  File "C:\Users\Asus\AppData\Local\Programs\Python\Python313\Lib\site-packages\telebot\apihelper.py", line 339, in get_updates
    return _make_request(token, method_url, params=payload)
  File "C:\Users\Asus\AppData\Local\Programs\Python\Python313\Lib\site-packages\telebot\apihelper.py", line 168, in _make_request
    json_result = _check_result(method_name, result)
  File "C:\Users\Asus\AppData\Local\Programs\Python\Python313\Lib\site-packages\telebot\apihelper.py", line 197, in _check_result
    raise ApiTelegramException(method_name, result, result_json)
telebot.apihelper.ApiTelegramException: A request to the Telegram API was unsuccessful. Error code: 409. Description: Conflict: terminated by other getUpdates request; make sure that only one bot instance is running

2025-10-27 02:15:44,912 - TeleBot - ERROR - Threaded polling exception: A request to the Telegram API was unsuccessful. Error code: 409. Description: Conflict: terminated by other getUpdates request; make sure that only one bot instance is running
2025-10-27 02:15:44,916 - TeleBot - ERROR - Exception traceback:
Traceback (most recent call last):
  File "C:\Users\Asus\AppData\Local\Programs\Python\Python313\Lib\site-packages\telebot\__init__.py", line 1234, in __threaded_polling
    polling_thread.raise_exceptions()
    ~~~~~~~~~~~~~~~~~~~~~~~~~~~~~~~^^
  File "C:\Users\Asus\AppData\Local\Programs\Python\Python313\Lib\site-packages\telebot\util.py", line 115, in raise_exceptions
    raise self.exception_info
  File "C:\Users\Asus\AppData\Local\Programs\Python\Python313\Lib\site-packages\telebot\util.py", line 97, in run
    task(*args, **kwargs)
    ~~~~^^^^^^^^^^^^^^^^^
  File "C:\Users\Asus\AppData\Local\Programs\Python\Python313\Lib\site-packages\telebot\__init__.py", line 688, in __retrieve_updates
    updates = self.get_updates(offset=(self.last_update_id + 1),
                               allowed_updates=allowed_updates,
                               timeout=timeout, long_polling_timeout=long_polling_timeout)
  File "C:\Users\Asus\AppData\Local\Programs\Python\Python313\Lib\site-packages\telebot\__init__.py", line 660, in get_updates
    json_updates = apihelper.get_updates(
        self.token, offset=offset, limit=limit, timeout=timeout, allowed_updates=allowed_updates,
        long_polling_timeout=long_polling_timeout)
  File "C:\Users\Asus\AppData\Local\Programs\Python\Python313\Lib\site-packages\telebot\apihelper.py", line 339, in get_updates
    return _make_request(token, method_url, params=payload)
  File "C:\Users\Asus\AppData\Local\Programs\Python\Python313\Lib\site-packages\telebot\apihelper.py", line 168, in _make_request
    json_result = _check_result(method_name, result)
  File "C:\Users\Asus\AppData\Local\Programs\Python\Python313\Lib\site-packages\telebot\apihelper.py", line 197, in _check_result
    raise ApiTelegramException(method_name, result, result_json)
telebot.apihelper.ApiTelegramException: A request to the Telegram API was unsuccessful. Error code: 409. Description: Conflict: terminated by other getUpdates request; make sure that only one bot instance is running

2025-10-27 02:15:48,431 - TeleBot - ERROR - Threaded polling exception: A request to the Telegram API was unsuccessful. Error code: 409. Description: Conflict: terminated by other getUpdates request; make sure that only one bot instance is running
2025-10-27 02:15:48,434 - TeleBot - ERROR - Exception traceback:
Traceback (most recent call last):
  File "C:\Users\Asus\AppData\Local\Programs\Python\Python313\Lib\site-packages\telebot\__init__.py", line 1234, in __threaded_polling
    polling_thread.raise_exceptions()
    ~~~~~~~~~~~~~~~~~~~~~~~~~~~~~~~^^
  File "C:\Users\Asus\AppData\Local\Programs\Python\Python313\Lib\site-packages\telebot\util.py", line 115, in raise_exceptions
    raise self.exception_info
  File "C:\Users\Asus\AppData\Local\Programs\Python\Python313\Lib\site-packages\telebot\util.py", line 97, in run
    task(*args, **kwargs)
    ~~~~^^^^^^^^^^^^^^^^^
  File "C:\Users\Asus\AppData\Local\Programs\Python\Python313\Lib\site-packages\telebot\__init__.py", line 688, in __retrieve_updates
    updates = self.get_updates(offset=(self.last_update_id + 1),
                               allowed_updates=allowed_updates,
                               timeout=timeout, long_polling_timeout=long_polling_timeout)
  File "C:\Users\Asus\AppData\Local\Programs\Python\Python313\Lib\site-packages\telebot\__init__.py", line 660, in get_updates
    json_updates = apihelper.get_updates(
        self.token, offset=offset, limit=limit, timeout=timeout, allowed_updates=allowed_updates,
        long_polling_timeout=long_polling_timeout)
  File "C:\Users\Asus\AppData\Local\Programs\Python\Python313\Lib\site-packages\telebot\apihelper.py", line 339, in get_updates
    return _make_request(token, method_url, params=payload)
  File "C:\Users\Asus\AppData\Local\Programs\Python\Python313\Lib\site-packages\telebot\apihelper.py", line 168, in _make_request
    json_result = _check_result(method_name, result)
  File "C:\Users\Asus\AppData\Local\Programs\Python\Python313\Lib\site-packages\telebot\apihelper.py", line 197, in _check_result
    raise ApiTelegramException(method_name, result, result_json)
telebot.apihelper.ApiTelegramException: A request to the Telegram API was unsuccessful. Error code: 409. Description: Conflict: terminated by other getUpdates request; make sure that only one bot instance is running

2025-10-27 02:15:52,409 - TeleBot - ERROR - Threaded polling exception: A request to the Telegram API was unsuccessful. Error code: 409. Description: Conflict: terminated by other getUpdates request; make sure that only one bot instance is running
2025-10-27 02:15:52,413 - TeleBot - ERROR - Exception traceback:
Traceback (most recent call last):
  File "C:\Users\Asus\AppData\Local\Programs\Python\Python313\Lib\site-packages\telebot\__init__.py", line 1234, in __threaded_polling
    polling_thread.raise_exceptions()
    ~~~~~~~~~~~~~~~~~~~~~~~~~~~~~~~^^
  File "C:\Users\Asus\AppData\Local\Programs\Python\Python313\Lib\site-packages\telebot\util.py", line 115, in raise_exceptions
    raise self.exception_info
  File "C:\Users\Asus\AppData\Local\Programs\Python\Python313\Lib\site-packages\telebot\util.py", line 97, in run
    task(*args, **kwargs)
    ~~~~^^^^^^^^^^^^^^^^^
  File "C:\Users\Asus\AppData\Local\Programs\Python\Python313\Lib\site-packages\telebot\__init__.py", line 688, in __retrieve_updates
    updates = self.get_updates(offset=(self.last_update_id + 1),
                               allowed_updates=allowed_updates,
                               timeout=timeout, long_polling_timeout=long_polling_timeout)
  File "C:\Users\Asus\AppData\Local\Programs\Python\Python313\Lib\site-packages\telebot\__init__.py", line 660, in get_updates
    json_updates = apihelper.get_updates(
        self.token, offset=offset, limit=limit, timeout=timeout, allowed_updates=allowed_updates,
        long_polling_timeout=long_polling_timeout)
  File "C:\Users\Asus\AppData\Local\Programs\Python\Python313\Lib\site-packages\telebot\apihelper.py", line 339, in get_updates
    return _make_request(token, method_url, params=payload)
  File "C:\Users\Asus\AppData\Local\Programs\Python\Python313\Lib\site-packages\telebot\apihelper.py", line 168, in _make_request
    json_result = _check_result(method_name, result)
  File "C:\Users\Asus\AppData\Local\Programs\Python\Python313\Lib\site-packages\telebot\apihelper.py", line 197, in _check_result
    raise ApiTelegramException(method_name, result, result_json)
telebot.apihelper.ApiTelegramException: A request to the Telegram API was unsuccessful. Error code: 409. Description: Conflict: terminated by other getUpdates request; make sure that only one bot instance is running

2025-10-27 02:15:55,969 - TeleBot - ERROR - Threaded polling exception: A request to the Telegram API was unsuccessful. Error code: 409. Description: Conflict: terminated by other getUpdates request; make sure that only one bot instance is running
2025-10-27 02:15:55,971 - TeleBot - ERROR - Exception traceback:
Traceback (most recent call last):
  File "C:\Users\Asus\AppData\Local\Programs\Python\Python313\Lib\site-packages\telebot\__init__.py", line 1234, in __threaded_polling
    polling_thread.raise_exceptions()
    ~~~~~~~~~~~~~~~~~~~~~~~~~~~~~~~^^
  File "C:\Users\Asus\AppData\Local\Programs\Python\Python313\Lib\site-packages\telebot\util.py", line 115, in raise_exceptions
    raise self.exception_info
  File "C:\Users\Asus\AppData\Local\Programs\Python\Python313\Lib\site-packages\telebot\util.py", line 97, in run
    task(*args, **kwargs)
    ~~~~^^^^^^^^^^^^^^^^^
  File "C:\Users\Asus\AppData\Local\Programs\Python\Python313\Lib\site-packages\telebot\__init__.py", line 688, in __retrieve_updates
    updates = self.get_updates(offset=(self.last_update_id + 1),
                               allowed_updates=allowed_updates,
                               timeout=timeout, long_polling_timeout=long_polling_timeout)
  File "C:\Users\Asus\AppData\Local\Programs\Python\Python313\Lib\site-packages\telebot\__init__.py", line 660, in get_updates
    json_updates = apihelper.get_updates(
        self.token, offset=offset, limit=limit, timeout=timeout, allowed_updates=allowed_updates,
        long_polling_timeout=long_polling_timeout)
  File "C:\Users\Asus\AppData\Local\Programs\Python\Python313\Lib\site-packages\telebot\apihelper.py", line 339, in get_updates
    return _make_request(token, method_url, params=payload)
  File "C:\Users\Asus\AppData\Local\Programs\Python\Python313\Lib\site-packages\telebot\apihelper.py", line 168, in _make_request
    json_result = _check_result(method_name, result)
  File "C:\Users\Asus\AppData\Local\Programs\Python\Python313\Lib\site-packages\telebot\apihelper.py", line 197, in _check_result
    raise ApiTelegramException(method_name, result, result_json)
telebot.apihelper.ApiTelegramException: A request to the Telegram API was unsuccessful. Error code: 409. Description: Conflict: terminated by other getUpdates request; make sure that only one bot instance is running

2025-10-27 02:15:56,718 - TeleBot - ERROR - Threaded polling exception: A request to the Telegram API was unsuccessful. Error code: 409. Description: Conflict: terminated by other getUpdates request; make sure that only one bot instance is running
2025-10-27 02:15:56,721 - TeleBot - ERROR - Exception traceback:
Traceback (most recent call last):
  File "C:\Users\Asus\AppData\Local\Programs\Python\Python313\Lib\site-packages\telebot\__init__.py", line 1234, in __threaded_polling
    polling_thread.raise_exceptions()
    ~~~~~~~~~~~~~~~~~~~~~~~~~~~~~~~^^
  File "C:\Users\Asus\AppData\Local\Programs\Python\Python313\Lib\site-packages\telebot\util.py", line 115, in raise_exceptions
    raise self.exception_info
  File "C:\Users\Asus\AppData\Local\Programs\Python\Python313\Lib\site-packages\telebot\util.py", line 97, in run
    task(*args, **kwargs)
    ~~~~^^^^^^^^^^^^^^^^^
  File "C:\Users\Asus\AppData\Local\Programs\Python\Python313\Lib\site-packages\telebot\__init__.py", line 688, in __retrieve_updates
    updates = self.get_updates(offset=(self.last_update_id + 1),
                               allowed_updates=allowed_updates,
                               timeout=timeout, long_polling_timeout=long_polling_timeout)
  File "C:\Users\Asus\AppData\Local\Programs\Python\Python313\Lib\site-packages\telebot\__init__.py", line 660, in get_updates
    json_updates = apihelper.get_updates(
        self.token, offset=offset, limit=limit, timeout=timeout, allowed_updates=allowed_updates,
        long_polling_timeout=long_polling_timeout)
  File "C:\Users\Asus\AppData\Local\Programs\Python\Python313\Lib\site-packages\telebot\apihelper.py", line 339, in get_updates
    return _make_request(token, method_url, params=payload)
  File "C:\Users\Asus\AppData\Local\Programs\Python\Python313\Lib\site-packages\telebot\apihelper.py", line 168, in _make_request
    json_result = _check_result(method_name, result)
  File "C:\Users\Asus\AppData\Local\Programs\Python\Python313\Lib\site-packages\telebot\apihelper.py", line 197, in _check_result
    raise ApiTelegramException(method_name, result, result_json)
telebot.apihelper.ApiTelegramException: A request to the Telegram API was unsuccessful. Error code: 409. Description: Conflict: terminated by other getUpdates request; make sure that only one bot instance is running

2025-10-27 02:16:00,491 - TeleBot - ERROR - Threaded polling exception: A request to the Telegram API was unsuccessful. Error code: 409. Description: Conflict: terminated by other getUpdates request; make sure that only one bot instance is running
2025-10-27 02:16:00,493 - TeleBot - ERROR - Exception traceback:
Traceback (most recent call last):
  File "C:\Users\Asus\AppData\Local\Programs\Python\Python313\Lib\site-packages\telebot\__init__.py", line 1234, in __threaded_polling
    polling_thread.raise_exceptions()
    ~~~~~~~~~~~~~~~~~~~~~~~~~~~~~~~^^
  File "C:\Users\Asus\AppData\Local\Programs\Python\Python313\Lib\site-packages\telebot\util.py", line 115, in raise_exceptions
    raise self.exception_info
  File "C:\Users\Asus\AppData\Local\Programs\Python\Python313\Lib\site-packages\telebot\util.py", line 97, in run
    task(*args, **kwargs)
    ~~~~^^^^^^^^^^^^^^^^^
  File "C:\Users\Asus\AppData\Local\Programs\Python\Python313\Lib\site-packages\telebot\__init__.py", line 688, in __retrieve_updates
    updates = self.get_updates(offset=(self.last_update_id + 1),
                               allowed_updates=allowed_updates,
                               timeout=timeout, long_polling_timeout=long_polling_timeout)
  File "C:\Users\Asus\AppData\Local\Programs\Python\Python313\Lib\site-packages\telebot\__init__.py", line 660, in get_updates
    json_updates = apihelper.get_updates(
        self.token, offset=offset, limit=limit, timeout=timeout, allowed_updates=allowed_updates,
        long_polling_timeout=long_polling_timeout)
  File "C:\Users\Asus\AppData\Local\Programs\Python\Python313\Lib\site-packages\telebot\apihelper.py", line 339, in get_updates
    return _make_request(token, method_url, params=payload)
  File "C:\Users\Asus\AppData\Local\Programs\Python\Python313\Lib\site-packages\telebot\apihelper.py", line 168, in _make_request
    json_result = _check_result(method_name, result)
  File "C:\Users\Asus\AppData\Local\Programs\Python\Python313\Lib\site-packages\telebot\apihelper.py", line 197, in _check_result
    raise ApiTelegramException(method_name, result, result_json)
telebot.apihelper.ApiTelegramException: A request to the Telegram API was unsuccessful. Error code: 409. Description: Conflict: terminated by other getUpdates request; make sure that only one bot instance is running

2025-10-27 02:16:16,997 - TeleBot - ERROR - Threaded polling exception: A request to the Telegram API was unsuccessful. Error code: 409. Description: Conflict: terminated by other getUpdates request; make sure that only one bot instance is running
2025-10-27 02:16:17,000 - TeleBot - ERROR - Exception traceback:
Traceback (most recent call last):
  File "C:\Users\Asus\AppData\Local\Programs\Python\Python313\Lib\site-packages\telebot\__init__.py", line 1234, in __threaded_polling
    polling_thread.raise_exceptions()
    ~~~~~~~~~~~~~~~~~~~~~~~~~~~~~~~^^
  File "C:\Users\Asus\AppData\Local\Programs\Python\Python313\Lib\site-packages\telebot\util.py", line 115, in raise_exceptions
    raise self.exception_info
  File "C:\Users\Asus\AppData\Local\Programs\Python\Python313\Lib\site-packages\telebot\util.py", line 97, in run
    task(*args, **kwargs)
    ~~~~^^^^^^^^^^^^^^^^^
  File "C:\Users\Asus\AppData\Local\Programs\Python\Python313\Lib\site-packages\telebot\__init__.py", line 688, in __retrieve_updates
    updates = self.get_updates(offset=(self.last_update_id + 1),
                               allowed_updates=allowed_updates,
                               timeout=timeout, long_polling_timeout=long_polling_timeout)
  File "C:\Users\Asus\AppData\Local\Programs\Python\Python313\Lib\site-packages\telebot\__init__.py", line 660, in get_updates
    json_updates = apihelper.get_updates(
        self.token, offset=offset, limit=limit, timeout=timeout, allowed_updates=allowed_updates,
        long_polling_timeout=long_polling_timeout)
  File "C:\Users\Asus\AppData\Local\Programs\Python\Python313\Lib\site-packages\telebot\apihelper.py", line 339, in get_updates
    return _make_request(token, method_url, params=payload)
  File "C:\Users\Asus\AppData\Local\Programs\Python\Python313\Lib\site-packages\telebot\apihelper.py", line 168, in _make_request
    json_result = _check_result(method_name, result)
  File "C:\Users\Asus\AppData\Local\Programs\Python\Python313\Lib\site-packages\telebot\apihelper.py", line 197, in _check_result
    raise ApiTelegramException(method_name, result, result_json)
telebot.apihelper.ApiTelegramException: A request to the Telegram API was unsuccessful. Error code: 409. Description: Conflict: terminated by other getUpdates request; make sure that only one bot instance is running

2025-10-27 02:16:21,277 - TeleBot - ERROR - Threaded polling exception: A request to the Telegram API was unsuccessful. Error code: 409. Description: Conflict: terminated by other getUpdates request; make sure that only one bot instance is running
2025-10-27 02:16:21,280 - TeleBot - ERROR - Exception traceback:
Traceback (most recent call last):
  File "C:\Users\Asus\AppData\Local\Programs\Python\Python313\Lib\site-packages\telebot\__init__.py", line 1234, in __threaded_polling
    polling_thread.raise_exceptions()
    ~~~~~~~~~~~~~~~~~~~~~~~~~~~~~~~^^
  File "C:\Users\Asus\AppData\Local\Programs\Python\Python313\Lib\site-packages\telebot\util.py", line 115, in raise_exceptions
    raise self.exception_info
  File "C:\Users\Asus\AppData\Local\Programs\Python\Python313\Lib\site-packages\telebot\util.py", line 97, in run
    task(*args, **kwargs)
    ~~~~^^^^^^^^^^^^^^^^^
  File "C:\Users\Asus\AppData\Local\Programs\Python\Python313\Lib\site-packages\telebot\__init__.py", line 688, in __retrieve_updates
    updates = self.get_updates(offset=(self.last_update_id + 1),
                               allowed_updates=allowed_updates,
                               timeout=timeout, long_polling_timeout=long_polling_timeout)
  File "C:\Users\Asus\AppData\Local\Programs\Python\Python313\Lib\site-packages\telebot\__init__.py", line 660, in get_updates
    json_updates = apihelper.get_updates(
        self.token, offset=offset, limit=limit, timeout=timeout, allowed_updates=allowed_updates,
        long_polling_timeout=long_polling_timeout)
  File "C:\Users\Asus\AppData\Local\Programs\Python\Python313\Lib\site-packages\telebot\apihelper.py", line 339, in get_updates
    return _make_request(token, method_url, params=payload)
  File "C:\Users\Asus\AppData\Local\Programs\Python\Python313\Lib\site-packages\telebot\apihelper.py", line 168, in _make_request
    json_result = _check_result(method_name, result)
  File "C:\Users\Asus\AppData\Local\Programs\Python\Python313\Lib\site-packages\telebot\apihelper.py", line 197, in _check_result
    raise ApiTelegramException(method_name, result, result_json)
telebot.apihelper.ApiTelegramException: A request to the Telegram API was unsuccessful. Error code: 409. Description: Conflict: terminated by other getUpdates request; make sure that only one bot instance is running

2025-10-27 02:16:53,549 - TeleBot - ERROR - Threaded polling exception: A request to the Telegram API was unsuccessful. Error code: 409. Description: Conflict: terminated by other getUpdates request; make sure that only one bot instance is running
2025-10-27 02:16:53,551 - TeleBot - ERROR - Exception traceback:
Traceback (most recent call last):
  File "C:\Users\Asus\AppData\Local\Programs\Python\Python313\Lib\site-packages\telebot\__init__.py", line 1234, in __threaded_polling
    polling_thread.raise_exceptions()
    ~~~~~~~~~~~~~~~~~~~~~~~~~~~~~~~^^
  File "C:\Users\Asus\AppData\Local\Programs\Python\Python313\Lib\site-packages\telebot\util.py", line 115, in raise_exceptions
    raise self.exception_info
  File "C:\Users\Asus\AppData\Local\Programs\Python\Python313\Lib\site-packages\telebot\util.py", line 97, in run
    task(*args, **kwargs)
    ~~~~^^^^^^^^^^^^^^^^^
  File "C:\Users\Asus\AppData\Local\Programs\Python\Python313\Lib\site-packages\telebot\__init__.py", line 688, in __retrieve_updates
    updates = self.get_updates(offset=(self.last_update_id + 1),
                               allowed_updates=allowed_updates,
                               timeout=timeout, long_polling_timeout=long_polling_timeout)
  File "C:\Users\Asus\AppData\Local\Programs\Python\Python313\Lib\site-packages\telebot\__init__.py", line 660, in get_updates
    json_updates = apihelper.get_updates(
        self.token, offset=offset, limit=limit, timeout=timeout, allowed_updates=allowed_updates,
        long_polling_timeout=long_polling_timeout)
  File "C:\Users\Asus\AppData\Local\Programs\Python\Python313\Lib\site-packages\telebot\apihelper.py", line 339, in get_updates
    return _make_request(token, method_url, params=payload)
  File "C:\Users\Asus\AppData\Local\Programs\Python\Python313\Lib\site-packages\telebot\apihelper.py", line 168, in _make_request
    json_result = _check_result(method_name, result)
  File "C:\Users\Asus\AppData\Local\Programs\Python\Python313\Lib\site-packages\telebot\apihelper.py", line 197, in _check_result
    raise ApiTelegramException(method_name, result, result_json)
telebot.apihelper.ApiTelegramException: A request to the Telegram API was unsuccessful. Error code: 409. Description: Conflict: terminated by other getUpdates request; make sure that only one bot instance is running

2025-10-27 02:16:57,082 - TeleBot - ERROR - Threaded polling exception: A request to the Telegram API was unsuccessful. Error code: 409. Description: Conflict: terminated by other getUpdates request; make sure that only one bot instance is running
2025-10-27 02:16:57,084 - TeleBot - ERROR - Exception traceback:
Traceback (most recent call last):
  File "C:\Users\Asus\AppData\Local\Programs\Python\Python313\Lib\site-packages\telebot\__init__.py", line 1234, in __threaded_polling
    polling_thread.raise_exceptions()
    ~~~~~~~~~~~~~~~~~~~~~~~~~~~~~~~^^
  File "C:\Users\Asus\AppData\Local\Programs\Python\Python313\Lib\site-packages\telebot\util.py", line 115, in raise_exceptions
    raise self.exception_info
  File "C:\Users\Asus\AppData\Local\Programs\Python\Python313\Lib\site-packages\telebot\util.py", line 97, in run
    task(*args, **kwargs)
    ~~~~^^^^^^^^^^^^^^^^^
  File "C:\Users\Asus\AppData\Local\Programs\Python\Python313\Lib\site-packages\telebot\__init__.py", line 688, in __retrieve_updates
    updates = self.get_updates(offset=(self.last_update_id + 1),
                               allowed_updates=allowed_updates,
                               timeout=timeout, long_polling_timeout=long_polling_timeout)
  File "C:\Users\Asus\AppData\Local\Programs\Python\Python313\Lib\site-packages\telebot\__init__.py", line 660, in get_updates
    json_updates = apihelper.get_updates(
        self.token, offset=offset, limit=limit, timeout=timeout, allowed_updates=allowed_updates,
        long_polling_timeout=long_polling_timeout)
  File "C:\Users\Asus\AppData\Local\Programs\Python\Python313\Lib\site-packages\telebot\apihelper.py", line 339, in get_updates
    return _make_request(token, method_url, params=payload)
  File "C:\Users\Asus\AppData\Local\Programs\Python\Python313\Lib\site-packages\telebot\apihelper.py", line 168, in _make_request
    json_result = _check_result(method_name, result)
  File "C:\Users\Asus\AppData\Local\Programs\Python\Python313\Lib\site-packages\telebot\apihelper.py", line 197, in _check_result
    raise ApiTelegramException(method_name, result, result_json)
telebot.apihelper.ApiTelegramException: A request to the Telegram API was unsuccessful. Error code: 409. Description: Conflict: terminated by other getUpdates request; make sure that only one bot instance is running

2025-10-27 02:16:59,232 - TeleBot - ERROR - Threaded polling exception: A request to the Telegram API was unsuccessful. Error code: 409. Description: Conflict: terminated by other getUpdates request; make sure that only one bot instance is running
2025-10-27 02:16:59,235 - TeleBot - ERROR - Exception traceback:
Traceback (most recent call last):
  File "C:\Users\Asus\AppData\Local\Programs\Python\Python313\Lib\site-packages\telebot\__init__.py", line 1234, in __threaded_polling
    polling_thread.raise_exceptions()
    ~~~~~~~~~~~~~~~~~~~~~~~~~~~~~~~^^
  File "C:\Users\Asus\AppData\Local\Programs\Python\Python313\Lib\site-packages\telebot\util.py", line 115, in raise_exceptions
    raise self.exception_info
  File "C:\Users\Asus\AppData\Local\Programs\Python\Python313\Lib\site-packages\telebot\util.py", line 97, in run
    task(*args, **kwargs)
    ~~~~^^^^^^^^^^^^^^^^^
  File "C:\Users\Asus\AppData\Local\Programs\Python\Python313\Lib\site-packages\telebot\__init__.py", line 688, in __retrieve_updates
    updates = self.get_updates(offset=(self.last_update_id + 1),
                               allowed_updates=allowed_updates,
                               timeout=timeout, long_polling_timeout=long_polling_timeout)
  File "C:\Users\Asus\AppData\Local\Programs\Python\Python313\Lib\site-packages\telebot\__init__.py", line 660, in get_updates
    json_updates = apihelper.get_updates(
        self.token, offset=offset, limit=limit, timeout=timeout, allowed_updates=allowed_updates,
        long_polling_timeout=long_polling_timeout)
  File "C:\Users\Asus\AppData\Local\Programs\Python\Python313\Lib\site-packages\telebot\apihelper.py", line 339, in get_updates
    return _make_request(token, method_url, params=payload)
  File "C:\Users\Asus\AppData\Local\Programs\Python\Python313\Lib\site-packages\telebot\apihelper.py", line 168, in _make_request
    json_result = _check_result(method_name, result)
  File "C:\Users\Asus\AppData\Local\Programs\Python\Python313\Lib\site-packages\telebot\apihelper.py", line 197, in _check_result
    raise ApiTelegramException(method_name, result, result_json)
telebot.apihelper.ApiTelegramException: A request to the Telegram API was unsuccessful. Error code: 409. Description: Conflict: terminated by other getUpdates request; make sure that only one bot instance is running

2025-10-27 02:17:00,001 - TeleBot - ERROR - Threaded polling exception: A request to the Telegram API was unsuccessful. Error code: 409. Description: Conflict: terminated by other getUpdates request; make sure that only one bot instance is running
2025-10-27 02:17:00,003 - TeleBot - ERROR - Exception traceback:
Traceback (most recent call last):
  File "C:\Users\Asus\AppData\Local\Programs\Python\Python313\Lib\site-packages\telebot\__init__.py", line 1234, in __threaded_polling
    polling_thread.raise_exceptions()
    ~~~~~~~~~~~~~~~~~~~~~~~~~~~~~~~^^
  File "C:\Users\Asus\AppData\Local\Programs\Python\Python313\Lib\site-packages\telebot\util.py", line 115, in raise_exceptions
    raise self.exception_info
  File "C:\Users\Asus\AppData\Local\Programs\Python\Python313\Lib\site-packages\telebot\util.py", line 97, in run
    task(*args, **kwargs)
    ~~~~^^^^^^^^^^^^^^^^^
  File "C:\Users\Asus\AppData\Local\Programs\Python\Python313\Lib\site-packages\telebot\__init__.py", line 688, in __retrieve_updates
    updates = self.get_updates(offset=(self.last_update_id + 1),
                               allowed_updates=allowed_updates,
                               timeout=timeout, long_polling_timeout=long_polling_timeout)
  File "C:\Users\Asus\AppData\Local\Programs\Python\Python313\Lib\site-packages\telebot\__init__.py", line 660, in get_updates
    json_updates = apihelper.get_updates(
        self.token, offset=offset, limit=limit, timeout=timeout, allowed_updates=allowed_updates,
        long_polling_timeout=long_polling_timeout)
  File "C:\Users\Asus\AppData\Local\Programs\Python\Python313\Lib\site-packages\telebot\apihelper.py", line 339, in get_updates
    return _make_request(token, method_url, params=payload)
  File "C:\Users\Asus\AppData\Local\Programs\Python\Python313\Lib\site-packages\telebot\apihelper.py", line 168, in _make_request
    json_result = _check_result(method_name, result)
  File "C:\Users\Asus\AppData\Local\Programs\Python\Python313\Lib\site-packages\telebot\apihelper.py", line 197, in _check_result
    raise ApiTelegramException(method_name, result, result_json)
telebot.apihelper.ApiTelegramException: A request to the Telegram API was unsuccessful. Error code: 409. Description: Conflict: terminated by other getUpdates request; make sure that only one bot instance is running

2025-10-27 02:17:57,360 - TeleBot - ERROR - Threaded polling exception: A request to the Telegram API was unsuccessful. Error code: 409. Description: Conflict: terminated by other getUpdates request; make sure that only one bot instance is running
2025-10-27 02:17:57,363 - TeleBot - ERROR - Exception traceback:
Traceback (most recent call last):
  File "C:\Users\Asus\AppData\Local\Programs\Python\Python313\Lib\site-packages\telebot\__init__.py", line 1234, in __threaded_polling
    polling_thread.raise_exceptions()
    ~~~~~~~~~~~~~~~~~~~~~~~~~~~~~~~^^
  File "C:\Users\Asus\AppData\Local\Programs\Python\Python313\Lib\site-packages\telebot\util.py", line 115, in raise_exceptions
    raise self.exception_info
  File "C:\Users\Asus\AppData\Local\Programs\Python\Python313\Lib\site-packages\telebot\util.py", line 97, in run
    task(*args, **kwargs)
    ~~~~^^^^^^^^^^^^^^^^^
  File "C:\Users\Asus\AppData\Local\Programs\Python\Python313\Lib\site-packages\telebot\__init__.py", line 688, in __retrieve_updates
    updates = self.get_updates(offset=(self.last_update_id + 1),
                               allowed_updates=allowed_updates,
                               timeout=timeout, long_polling_timeout=long_polling_timeout)
  File "C:\Users\Asus\AppData\Local\Programs\Python\Python313\Lib\site-packages\telebot\__init__.py", line 660, in get_updates
    json_updates = apihelper.get_updates(
        self.token, offset=offset, limit=limit, timeout=timeout, allowed_updates=allowed_updates,
        long_polling_timeout=long_polling_timeout)
  File "C:\Users\Asus\AppData\Local\Programs\Python\Python313\Lib\site-packages\telebot\apihelper.py", line 339, in get_updates
    return _make_request(token, method_url, params=payload)
  File "C:\Users\Asus\AppData\Local\Programs\Python\Python313\Lib\site-packages\telebot\apihelper.py", line 168, in _make_request
    json_result = _check_result(method_name, result)
  File "C:\Users\Asus\AppData\Local\Programs\Python\Python313\Lib\site-packages\telebot\apihelper.py", line 197, in _check_result
    raise ApiTelegramException(method_name, result, result_json)
telebot.apihelper.ApiTelegramException: A request to the Telegram API was unsuccessful. Error code: 409. Description: Conflict: terminated by other getUpdates request; make sure that only one bot instance is running

2025-10-27 02:18:00,897 - TeleBot - ERROR - Threaded polling exception: A request to the Telegram API was unsuccessful. Error code: 409. Description: Conflict: terminated by other getUpdates request; make sure that only one bot instance is running
2025-10-27 02:18:00,901 - TeleBot - ERROR - Exception traceback:
Traceback (most recent call last):
  File "C:\Users\Asus\AppData\Local\Programs\Python\Python313\Lib\site-packages\telebot\__init__.py", line 1234, in __threaded_polling
    polling_thread.raise_exceptions()
    ~~~~~~~~~~~~~~~~~~~~~~~~~~~~~~~^^
  File "C:\Users\Asus\AppData\Local\Programs\Python\Python313\Lib\site-packages\telebot\util.py", line 115, in raise_exceptions
    raise self.exception_info
  File "C:\Users\Asus\AppData\Local\Programs\Python\Python313\Lib\site-packages\telebot\util.py", line 97, in run
    task(*args, **kwargs)
    ~~~~^^^^^^^^^^^^^^^^^
  File "C:\Users\Asus\AppData\Local\Programs\Python\Python313\Lib\site-packages\telebot\__init__.py", line 688, in __retrieve_updates
    updates = self.get_updates(offset=(self.last_update_id + 1),
                               allowed_updates=allowed_updates,
                               timeout=timeout, long_polling_timeout=long_polling_timeout)
  File "C:\Users\Asus\AppData\Local\Programs\Python\Python313\Lib\site-packages\telebot\__init__.py", line 660, in get_updates
    json_updates = apihelper.get_updates(
        self.token, offset=offset, limit=limit, timeout=timeout, allowed_updates=allowed_updates,
        long_polling_timeout=long_polling_timeout)
  File "C:\Users\Asus\AppData\Local\Programs\Python\Python313\Lib\site-packages\telebot\apihelper.py", line 339, in get_updates
    return _make_request(token, method_url, params=payload)
  File "C:\Users\Asus\AppData\Local\Programs\Python\Python313\Lib\site-packages\telebot\apihelper.py", line 168, in _make_request
    json_result = _check_result(method_name, result)
  File "C:\Users\Asus\AppData\Local\Programs\Python\Python313\Lib\site-packages\telebot\apihelper.py", line 197, in _check_result
    raise ApiTelegramException(method_name, result, result_json)
telebot.apihelper.ApiTelegramException: A request to the Telegram API was unsuccessful. Error code: 409. Description: Conflict: terminated by other getUpdates request; make sure that only one bot instance is running

2025-10-27 02:18:03,294 - TeleBot - ERROR - Threaded polling exception: A request to the Telegram API was unsuccessful. Error code: 409. Description: Conflict: terminated by other getUpdates request; make sure that only one bot instance is running
2025-10-27 02:18:03,298 - TeleBot - ERROR - Exception traceback:
Traceback (most recent call last):
  File "C:\Users\Asus\AppData\Local\Programs\Python\Python313\Lib\site-packages\telebot\__init__.py", line 1234, in __threaded_polling
    polling_thread.raise_exceptions()
    ~~~~~~~~~~~~~~~~~~~~~~~~~~~~~~~^^
  File "C:\Users\Asus\AppData\Local\Programs\Python\Python313\Lib\site-packages\telebot\util.py", line 115, in raise_exceptions
    raise self.exception_info
  File "C:\Users\Asus\AppData\Local\Programs\Python\Python313\Lib\site-packages\telebot\util.py", line 97, in run
    task(*args, **kwargs)
    ~~~~^^^^^^^^^^^^^^^^^
  File "C:\Users\Asus\AppData\Local\Programs\Python\Python313\Lib\site-packages\telebot\__init__.py", line 688, in __retrieve_updates
    updates = self.get_updates(offset=(self.last_update_id + 1),
                               allowed_updates=allowed_updates,
                               timeout=timeout, long_polling_timeout=long_polling_timeout)
  File "C:\Users\Asus\AppData\Local\Programs\Python\Python313\Lib\site-packages\telebot\__init__.py", line 660, in get_updates
    json_updates = apihelper.get_updates(
        self.token, offset=offset, limit=limit, timeout=timeout, allowed_updates=allowed_updates,
        long_polling_timeout=long_polling_timeout)
  File "C:\Users\Asus\AppData\Local\Programs\Python\Python313\Lib\site-packages\telebot\apihelper.py", line 339, in get_updates
    return _make_request(token, method_url, params=payload)
  File "C:\Users\Asus\AppData\Local\Programs\Python\Python313\Lib\site-packages\telebot\apihelper.py", line 168, in _make_request
    json_result = _check_result(method_name, result)
  File "C:\Users\Asus\AppData\Local\Programs\Python\Python313\Lib\site-packages\telebot\apihelper.py", line 197, in _check_result
    raise ApiTelegramException(method_name, result, result_json)
telebot.apihelper.ApiTelegramException: A request to the Telegram API was unsuccessful. Error code: 409. Description: Conflict: terminated by other getUpdates request; make sure that only one bot instance is running

2025-10-27 02:18:04,148 - TeleBot - ERROR - Threaded polling exception: A request to the Telegram API was unsuccessful. Error code: 409. Description: Conflict: terminated by other getUpdates request; make sure that only one bot instance is running
2025-10-27 02:18:04,150 - TeleBot - ERROR - Exception traceback:
Traceback (most recent call last):
  File "C:\Users\Asus\AppData\Local\Programs\Python\Python313\Lib\site-packages\telebot\__init__.py", line 1234, in __threaded_polling
    polling_thread.raise_exceptions()
    ~~~~~~~~~~~~~~~~~~~~~~~~~~~~~~~^^
  File "C:\Users\Asus\AppData\Local\Programs\Python\Python313\Lib\site-packages\telebot\util.py", line 115, in raise_exceptions
    raise self.exception_info
  File "C:\Users\Asus\AppData\Local\Programs\Python\Python313\Lib\site-packages\telebot\util.py", line 97, in run
    task(*args, **kwargs)
    ~~~~^^^^^^^^^^^^^^^^^
  File "C:\Users\Asus\AppData\Local\Programs\Python\Python313\Lib\site-packages\telebot\__init__.py", line 688, in __retrieve_updates
    updates = self.get_updates(offset=(self.last_update_id + 1),
                               allowed_updates=allowed_updates,
                               timeout=timeout, long_polling_timeout=long_polling_timeout)
  File "C:\Users\Asus\AppData\Local\Programs\Python\Python313\Lib\site-packages\telebot\__init__.py", line 660, in get_updates
    json_updates = apihelper.get_updates(
        self.token, offset=offset, limit=limit, timeout=timeout, allowed_updates=allowed_updates,
        long_polling_timeout=long_polling_timeout)
  File "C:\Users\Asus\AppData\Local\Programs\Python\Python313\Lib\site-packages\telebot\apihelper.py", line 339, in get_updates
    return _make_request(token, method_url, params=payload)
  File "C:\Users\Asus\AppData\Local\Programs\Python\Python313\Lib\site-packages\telebot\apihelper.py", line 168, in _make_request
    json_result = _check_result(method_name, result)
  File "C:\Users\Asus\AppData\Local\Programs\Python\Python313\Lib\site-packages\telebot\apihelper.py", line 197, in _check_result
    raise ApiTelegramException(method_name, result, result_json)
telebot.apihelper.ApiTelegramException: A request to the Telegram API was unsuccessful. Error code: 409. Description: Conflict: terminated by other getUpdates request; make sure that only one bot instance is running

2025-10-27 02:18:44,915 - database - INFO - Database initialized successfully
2025-10-27 02:18:44,916 - bot - INFO - Bot initialized successfully
2025-10-27 02:18:44,916 - bot - INFO - Starting bot...
2025-10-27 18:17:02,416 - database - INFO - Database initialized successfully
2025-10-27 18:17:02,417 - bot - INFO - Bot initialized successfully
2025-10-27 18:17:02,417 - bot - INFO - Starting bot...
2025-10-27 18:17:06,594 - bot - ERROR - Error sending music file: A request to the Telegram API was unsuccessful. Error code: 400. Description: Bad Request: wrong remote file identifier specified: can't unserialize it. Wrong last symbol
2025-10-27 18:17:06,869 - bot - ERROR - Error sending music file: A request to the Telegram API was unsuccessful. Error code: 400. Description: Bad Request: wrong remote file identifier specified: can't unserialize it. Wrong last symbol
2025-10-27 18:19:23,304 - database - INFO - Database initialized successfully
2025-10-27 18:19:23,305 - bot - INFO - Bot initialized successfully
2025-10-27 18:19:23,305 - bot - INFO - Starting bot...
2025-10-27 18:19:25,597 - TeleBot - ERROR - Threaded polling exception: A request to the Telegram API was unsuccessful. Error code: 409. Description: Conflict: terminated by other getUpdates request; make sure that only one bot instance is running
2025-10-27 18:19:25,599 - TeleBot - ERROR - Exception traceback:
Traceback (most recent call last):
  File "C:\Users\Asus\AppData\Local\Programs\Python\Python313\Lib\site-packages\telebot\__init__.py", line 1234, in __threaded_polling
    polling_thread.raise_exceptions()
    ~~~~~~~~~~~~~~~~~~~~~~~~~~~~~~~^^
  File "C:\Users\Asus\AppData\Local\Programs\Python\Python313\Lib\site-packages\telebot\util.py", line 115, in raise_exceptions
    raise self.exception_info
  File "C:\Users\Asus\AppData\Local\Programs\Python\Python313\Lib\site-packages\telebot\util.py", line 97, in run
    task(*args, **kwargs)
    ~~~~^^^^^^^^^^^^^^^^^
  File "C:\Users\Asus\AppData\Local\Programs\Python\Python313\Lib\site-packages\telebot\__init__.py", line 688, in __retrieve_updates
    updates = self.get_updates(offset=(self.last_update_id + 1),
                               allowed_updates=allowed_updates,
                               timeout=timeout, long_polling_timeout=long_polling_timeout)
  File "C:\Users\Asus\AppData\Local\Programs\Python\Python313\Lib\site-packages\telebot\__init__.py", line 660, in get_updates
    json_updates = apihelper.get_updates(
        self.token, offset=offset, limit=limit, timeout=timeout, allowed_updates=allowed_updates,
        long_polling_timeout=long_polling_timeout)
  File "C:\Users\Asus\AppData\Local\Programs\Python\Python313\Lib\site-packages\telebot\apihelper.py", line 339, in get_updates
    return _make_request(token, method_url, params=payload)
  File "C:\Users\Asus\AppData\Local\Programs\Python\Python313\Lib\site-packages\telebot\apihelper.py", line 168, in _make_request
    json_result = _check_result(method_name, result)
  File "C:\Users\Asus\AppData\Local\Programs\Python\Python313\Lib\site-packages\telebot\apihelper.py", line 197, in _check_result
    raise ApiTelegramException(method_name, result, result_json)
telebot.apihelper.ApiTelegramException: A request to the Telegram API was unsuccessful. Error code: 409. Description: Conflict: terminated by other getUpdates request; make sure that only one bot instance is running

2025-10-27 18:19:29,131 - TeleBot - ERROR - Threaded polling exception: A request to the Telegram API was unsuccessful. Error code: 409. Description: Conflict: terminated by other getUpdates request; make sure that only one bot instance is running
2025-10-27 18:19:29,133 - TeleBot - ERROR - Exception traceback:
Traceback (most recent call last):
  File "C:\Users\Asus\AppData\Local\Programs\Python\Python313\Lib\site-packages\telebot\__init__.py", line 1234, in __threaded_polling
    polling_thread.raise_exceptions()
    ~~~~~~~~~~~~~~~~~~~~~~~~~~~~~~~^^
  File "C:\Users\Asus\AppData\Local\Programs\Python\Python313\Lib\site-packages\telebot\util.py", line 115, in raise_exceptions
    raise self.exception_info
  File "C:\Users\Asus\AppData\Local\Programs\Python\Python313\Lib\site-packages\telebot\util.py", line 97, in run
    task(*args, **kwargs)
    ~~~~^^^^^^^^^^^^^^^^^
  File "C:\Users\Asus\AppData\Local\Programs\Python\Python313\Lib\site-packages\telebot\__init__.py", line 688, in __retrieve_updates
    updates = self.get_updates(offset=(self.last_update_id + 1),
                               allowed_updates=allowed_updates,
                               timeout=timeout, long_polling_timeout=long_polling_timeout)
  File "C:\Users\Asus\AppData\Local\Programs\Python\Python313\Lib\site-packages\telebot\__init__.py", line 660, in get_updates
    json_updates = apihelper.get_updates(
        self.token, offset=offset, limit=limit, timeout=timeout, allowed_updates=allowed_updates,
        long_polling_timeout=long_polling_timeout)
  File "C:\Users\Asus\AppData\Local\Programs\Python\Python313\Lib\site-packages\telebot\apihelper.py", line 339, in get_updates
    return _make_request(token, method_url, params=payload)
  File "C:\Users\Asus\AppData\Local\Programs\Python\Python313\Lib\site-packages\telebot\apihelper.py", line 168, in _make_request
    json_result = _check_result(method_name, result)
  File "C:\Users\Asus\AppData\Local\Programs\Python\Python313\Lib\site-packages\telebot\apihelper.py", line 197, in _check_result
    raise ApiTelegramException(method_name, result, result_json)
telebot.apihelper.ApiTelegramException: A request to the Telegram API was unsuccessful. Error code: 409. Description: Conflict: terminated by other getUpdates request; make sure that only one bot instance is running

2025-10-27 18:19:29,657 - TeleBot - ERROR - Threaded polling exception: A request to the Telegram API was unsuccessful. Error code: 409. Description: Conflict: terminated by other getUpdates request; make sure that only one bot instance is running
2025-10-27 18:19:29,659 - TeleBot - ERROR - Exception traceback:
Traceback (most recent call last):
  File "C:\Users\Asus\AppData\Local\Programs\Python\Python313\Lib\site-packages\telebot\__init__.py", line 1234, in __threaded_polling
    polling_thread.raise_exceptions()
    ~~~~~~~~~~~~~~~~~~~~~~~~~~~~~~~^^
  File "C:\Users\Asus\AppData\Local\Programs\Python\Python313\Lib\site-packages\telebot\util.py", line 115, in raise_exceptions
    raise self.exception_info
  File "C:\Users\Asus\AppData\Local\Programs\Python\Python313\Lib\site-packages\telebot\util.py", line 97, in run
    task(*args, **kwargs)
    ~~~~^^^^^^^^^^^^^^^^^
  File "C:\Users\Asus\AppData\Local\Programs\Python\Python313\Lib\site-packages\telebot\__init__.py", line 688, in __retrieve_updates
    updates = self.get_updates(offset=(self.last_update_id + 1),
                               allowed_updates=allowed_updates,
                               timeout=timeout, long_polling_timeout=long_polling_timeout)
  File "C:\Users\Asus\AppData\Local\Programs\Python\Python313\Lib\site-packages\telebot\__init__.py", line 660, in get_updates
    json_updates = apihelper.get_updates(
        self.token, offset=offset, limit=limit, timeout=timeout, allowed_updates=allowed_updates,
        long_polling_timeout=long_polling_timeout)
  File "C:\Users\Asus\AppData\Local\Programs\Python\Python313\Lib\site-packages\telebot\apihelper.py", line 339, in get_updates
    return _make_request(token, method_url, params=payload)
  File "C:\Users\Asus\AppData\Local\Programs\Python\Python313\Lib\site-packages\telebot\apihelper.py", line 168, in _make_request
    json_result = _check_result(method_name, result)
  File "C:\Users\Asus\AppData\Local\Programs\Python\Python313\Lib\site-packages\telebot\apihelper.py", line 197, in _check_result
    raise ApiTelegramException(method_name, result, result_json)
telebot.apihelper.ApiTelegramException: A request to the Telegram API was unsuccessful. Error code: 409. Description: Conflict: terminated by other getUpdates request; make sure that only one bot instance is running

2025-10-27 18:19:33,446 - TeleBot - ERROR - Threaded polling exception: A request to the Telegram API was unsuccessful. Error code: 409. Description: Conflict: terminated by other getUpdates request; make sure that only one bot instance is running
2025-10-27 18:19:33,448 - TeleBot - ERROR - Exception traceback:
Traceback (most recent call last):
  File "C:\Users\Asus\AppData\Local\Programs\Python\Python313\Lib\site-packages\telebot\__init__.py", line 1234, in __threaded_polling
    polling_thread.raise_exceptions()
    ~~~~~~~~~~~~~~~~~~~~~~~~~~~~~~~^^
  File "C:\Users\Asus\AppData\Local\Programs\Python\Python313\Lib\site-packages\telebot\util.py", line 115, in raise_exceptions
    raise self.exception_info
  File "C:\Users\Asus\AppData\Local\Programs\Python\Python313\Lib\site-packages\telebot\util.py", line 97, in run
    task(*args, **kwargs)
    ~~~~^^^^^^^^^^^^^^^^^
  File "C:\Users\Asus\AppData\Local\Programs\Python\Python313\Lib\site-packages\telebot\__init__.py", line 688, in __retrieve_updates
    updates = self.get_updates(offset=(self.last_update_id + 1),
                               allowed_updates=allowed_updates,
                               timeout=timeout, long_polling_timeout=long_polling_timeout)
  File "C:\Users\Asus\AppData\Local\Programs\Python\Python313\Lib\site-packages\telebot\__init__.py", line 660, in get_updates
    json_updates = apihelper.get_updates(
        self.token, offset=offset, limit=limit, timeout=timeout, allowed_updates=allowed_updates,
        long_polling_timeout=long_polling_timeout)
  File "C:\Users\Asus\AppData\Local\Programs\Python\Python313\Lib\site-packages\telebot\apihelper.py", line 339, in get_updates
    return _make_request(token, method_url, params=payload)
  File "C:\Users\Asus\AppData\Local\Programs\Python\Python313\Lib\site-packages\telebot\apihelper.py", line 168, in _make_request
    json_result = _check_result(method_name, result)
  File "C:\Users\Asus\AppData\Local\Programs\Python\Python313\Lib\site-packages\telebot\apihelper.py", line 197, in _check_result
    raise ApiTelegramException(method_name, result, result_json)
telebot.apihelper.ApiTelegramException: A request to the Telegram API was unsuccessful. Error code: 409. Description: Conflict: terminated by other getUpdates request; make sure that only one bot instance is running

2025-10-27 18:19:34,241 - TeleBot - ERROR - Threaded polling exception: A request to the Telegram API was unsuccessful. Error code: 409. Description: Conflict: terminated by other getUpdates request; make sure that only one bot instance is running
2025-10-27 18:19:34,242 - TeleBot - ERROR - Exception traceback:
Traceback (most recent call last):
  File "C:\Users\Asus\AppData\Local\Programs\Python\Python313\Lib\site-packages\telebot\__init__.py", line 1234, in __threaded_polling
    polling_thread.raise_exceptions()
    ~~~~~~~~~~~~~~~~~~~~~~~~~~~~~~~^^
  File "C:\Users\Asus\AppData\Local\Programs\Python\Python313\Lib\site-packages\telebot\util.py", line 115, in raise_exceptions
    raise self.exception_info
  File "C:\Users\Asus\AppData\Local\Programs\Python\Python313\Lib\site-packages\telebot\util.py", line 97, in run
    task(*args, **kwargs)
    ~~~~^^^^^^^^^^^^^^^^^
  File "C:\Users\Asus\AppData\Local\Programs\Python\Python313\Lib\site-packages\telebot\__init__.py", line 688, in __retrieve_updates
    updates = self.get_updates(offset=(self.last_update_id + 1),
                               allowed_updates=allowed_updates,
                               timeout=timeout, long_polling_timeout=long_polling_timeout)
  File "C:\Users\Asus\AppData\Local\Programs\Python\Python313\Lib\site-packages\telebot\__init__.py", line 660, in get_updates
    json_updates = apihelper.get_updates(
        self.token, offset=offset, limit=limit, timeout=timeout, allowed_updates=allowed_updates,
        long_polling_timeout=long_polling_timeout)
  File "C:\Users\Asus\AppData\Local\Programs\Python\Python313\Lib\site-packages\telebot\apihelper.py", line 339, in get_updates
    return _make_request(token, method_url, params=payload)
  File "C:\Users\Asus\AppData\Local\Programs\Python\Python313\Lib\site-packages\telebot\apihelper.py", line 168, in _make_request
    json_result = _check_result(method_name, result)
  File "C:\Users\Asus\AppData\Local\Programs\Python\Python313\Lib\site-packages\telebot\apihelper.py", line 197, in _check_result
    raise ApiTelegramException(method_name, result, result_json)
telebot.apihelper.ApiTelegramException: A request to the Telegram API was unsuccessful. Error code: 409. Description: Conflict: terminated by other getUpdates request; make sure that only one bot instance is running

2025-10-27 18:29:29,534 - database - INFO - Database initialized successfully
2025-10-27 18:29:29,535 - bot - INFO - Bot initialized successfully
2025-10-27 18:29:29,535 - bot - INFO - Starting bot...
